ind,chid,no_SL,op,time_length,spatial_dist,size_dif,year
0,48,29,0.785971262672,31,57.2308790172,10,2014
1,3,32,0.420438001741,132,3024.89270175,-9562,2014
2,29,6,1.0,29,91.2437166679,2,2014
3,3,4,0.163991268039,124,2257.14053017,-9575,2014
4,3,2,0.988482568453,148,5898.11369722,-9577,2014
5,3,37,0.129661290109,147,5355.72448303,-9566,2014
6,7,22,0.955582401315,24,41.845292112,4,2014
7,50,4,1.0,30,228.004205552,0,2014
8,14,2,0.746099883819,38,138.164747184,2,2014
9,30,63,0.793715599257,64,317.52773963,86,2014
10,3,5,0.217223089057,22,40.0418748163,2,2014
11,3,16,0.62122724825,149,4530.83963055,-9572,2014
12,3,6,0.279488042129,149,3321.44305974,-9563,2014
13,34,13,0.879405579515,51,517.943127515,22,2014
14,3,10,0.471914819508,153,1621.36391145,-9573,2014
15,3,4,0.112111642818,136,3008.31654575,-9577,2014
16,35,8,0.350288408095,38,443.468565016,21,2014
17,4,95,1.0,38,40.4404034126,30,2014
18,51,4,0.3529111831,26,293.394256883,3,2014
19,3,23,0.263291568356,131,2720.99938187,-9569,2014
20,3,7,0.268780371671,154,2497.129008,-9575,2014
21,3,2,0.116083633034,87,3363.55277037,-9577,2014
22,54,2,0.660756368766,28,87.1329778965,-1,2014
23,1,38,0.725693595791,61,186.830325977,-5,2014
24,3,4,0.689974481128,22,151.911528663,2,2014
25,3,11,0.0953092520289,114,2346.74186172,-9575,2014
26,22,21,0.12049369742,38,97.2005308554,-58,2014
27,3,2,0.135797691648,130,2803.57690313,-9577,2014
28,35,5,0.224559268548,39,203.435349073,20,2014
29,3,8,0.85156204043,159,5504.83619181,-9575,2014
30,3,42,0.259267294257,144,2544.71208367,-9554,2014
31,3,7,0.338754307782,154,5289.97327029,-9575,2014
32,3,12,0.169075111229,24,99.18896507,19,2014
33,35,6,0.593196119217,82,586.586187172,-333,2014
34,16,10,1.0,29,88.7477069353,4,2014
35,3,2,0.188254147267,125,4263.15533767,-9577,2014
36,3,9,0.244546433822,126,3152.1518749,-9566,2014
37,35,14,0.791720124864,104,350.759551176,-70,2014
38,13,33,1.0,118,257.991343754,286,2014
39,17,38,0.688260825655,55,59.7618525134,7,2014
40,39,3,1.0,23,147.508532468,1,2014
41,35,22,0.611693623112,123,1131.617529,-328,2014
42,3,13,0.226549494139,102,4856.92283137,-9574,2014
43,13,3,1.0,28,586.148251617,0,2014
44,40,2,0.48871736761,29,611.17242681,-6,2014
45,3,4,0.364653538976,177,4949.01839226,-9574,2014
46,3,2,0.249668067766,24,161.072626491,-1,2014
47,3,4,0.185282427765,109,3027.90496591,-9577,2014
48,3,10,0.120506188381,146,2834.9520924,-9574,2014
49,3,8,0.227288261697,146,2129.51727687,-9574,2014
50,3,2,0.208799947797,20,259.418746418,3,2014
51,21,4,0.410302497354,44,385.204067922,4,2014
52,3,11,0.499598758253,147,2456.65555868,-9572,2014
53,12,6,0.815883158786,23,83.0623472232,1,2014
54,42,2,1.0,13,395.337271708,0,2014
55,3,30,0.420739201123,147,911.266043556,-9563,2014
56,3,9,0.159827894564,108,4440.52754866,-9574,2014
57,13,4,0.367216003407,26,269.267948937,-4,2014
58,3,2,0.761672349709,154,4450.98956174,-9577,2014
59,3,3,0.160606948005,21,99.9124850063,0,2014
60,24,5,0.872928392843,65,1028.86491543,-47,2014
61,22,46,0.423416025715,86,279.696627478,-28,2014
62,3,3,0.115010100683,126,2578.87619771,-9575,2014
63,13,23,0.0983629732843,56,1001.30064583,-288,2014
64,35,10,1.0,135,1801.44585304,-311,2014
65,19,5,0.630260222918,22,244.440440064,-3,2014
66,3,9,0.380583739646,156,4520.67807936,-9575,2014
67,3,5,0.513063586887,34,118.892663906,-4,2014
68,13,7,0.851638148845,36,131.674655269,4,2014
69,3,6,0.104751344448,131,1412.33782379,-9576,2014
70,3,6,0.369212262983,40,246.207094574,7,2014
71,3,2,0.289921958879,21,233.409045107,-1,2014
72,3,2,0.28753288738,154,3185.12048867,-9577,2014
73,34,6,1.0,25,350.384988561,-1,2014
74,3,9,0.270851254873,137,792.82405466,-9575,2014
75,53,2,1.0,33,135.645558243,-2,2014
76,3,13,0.540500773851,23,164.934615454,-2,2014
77,3,3,0.145631256841,137,2455.5311965,-9576,2014
78,3,21,0.126528134405,123,2468.142258,-9573,2014
79,9,3,0.962111444868,34,402.330761322,0,2014
80,48,6,0.853847860785,31,240.038985553,-3,2014
81,27,4,0.565942626873,69,732.727819544,-106,2014
82,18,5,0.84983829371,30,231.211769256,-3,2014
83,3,4,0.296979020689,154,3277.41965102,-9577,2014
84,3,2,0.0891706134107,124,2067.61883986,-9577,2014
85,35,2,1.0,25,211.107293446,0,2014
86,3,3,0.167901488619,125,3448.79902655,-9575,2014
87,3,3,0.817925991593,124,2803.0047984,-9576,2014
88,13,2,0.269511628211,78,312.492557003,-292,2014
89,22,3,0.309761563488,51,200.493627861,30,2014
90,21,2,1.0,52,92.6473982582,-6,2014
91,44,6,0.986466728436,27,193.828231991,3,2014
92,3,38,0.711927055132,140,3426.58606815,-9565,2014
93,10,3,0.999512852461,34,372.764755386,3,2014
94,45,2,0.975741212298,31,446.684392178,-3,2014
95,3,6,0.221340553221,150,1479.90289662,-9574,2014
96,3,16,0.262522011793,119,1808.84051195,-9571,2014
97,49,3,1.0,19,107.205921214,0,2014
98,32,2,0.94030290662,23,142.780997078,0,2014
99,40,2,0.334141953938,62,363.819001693,-54,2014
100,17,23,0.431280469539,25,66.0876799278,7,2014
101,34,2,1.0,36,395.058243423,-4,2014
102,3,2,0.516180842891,139,4072.92172736,-9577,2014
103,3,6,0.22761730945,137,2321.41005961,-9575,2014
104,3,6,0.433200834811,124,2939.64044922,-9576,2014
105,33,11,1.0,46,546.215570509,26,2014
106,3,5,0.475407981073,157,3518.81822812,-9576,2014
107,42,2,0.82607111843,18,381.691381915,-2,2014
108,3,4,0.182899648651,128,1392.78707249,-9575,2014
109,3,2,0.514614125372,135,3104.27588042,-9577,2014
110,33,15,0.758648068857,51,393.376423606,25,2014
111,3,3,0.16989593228,161,2050.5417304,-9574,2014
112,36,7,0.695561162328,49,393.995626223,-51,2014
113,3,2,0.453831525116,157,3536.32112315,-9574,2014
114,35,6,0.444322843575,32,135.906327634,-4,2014
115,38,3,1.0,32,226.401907315,1,2014
116,3,7,0.137441859816,115,2517.87867651,-9575,2014
117,3,4,0.441308970504,153,4949.34181949,-9576,2014
118,25,12,1.0,55,228.615162884,19,2014
119,3,5,0.364740481189,130,4643.30447139,-9575,2014
120,35,6,0.133201715373,68,270.610593859,-91,2014
121,3,2,0.122109524125,132,2936.51067489,-9577,2014
122,3,2,0.106873581898,55,1951.62308874,-9577,2014
123,3,6,0.250657482643,123,2966.42257859,-9576,2014
124,47,2,0.386106909052,32,101.69488492,-5,2014
125,40,3,0.704987348571,22,280.771535178,1,2014
126,3,11,0.303684135713,23,122.096202526,-10,2014
127,3,2,0.479208185336,155,3193.66410627,-9577,2014
128,25,16,0.614550399063,60,270.370112775,-14,2014
129,3,2,0.269070996276,144,3065.97260863,-9572,2014
130,3,2,0.277379820815,29,302.824591385,-2,2014
131,3,2,0.475711964474,137,4366.45537749,-9577,2014
132,3,6,0.109675996783,127,1451.70187351,-9576,2014
133,40,11,0.876250939813,64,262.789134321,54,2014
134,35,9,0.999420097546,37,268.637246852,6,2014
135,24,2,0.285357745616,68,229.033109667,-48,2014
136,13,4,0.10492746733,75,749.864861328,-292,2014
137,3,2,0.193567922471,154,2644.27059361,-9577,2014
138,3,4,0.352346477676,148,5187.27996217,-9577,2014
139,3,3,1.0,181,4173.41943707,9527,2014
140,3,8,0.268672698217,143,2123.95620494,-9573,2014
141,23,2,1.0,15,560.026470655,0,2014
142,48,11,1.0,34,247.641293861,7,2014
143,13,3,0.0848890890054,57,644.850517851,-291,2014
144,8,8,0.976645483523,25,245.893881089,4,2014
145,3,10,0.227114217426,129,3062.8198274,-9572,2014
146,3,3,0.555079020794,20,540.779507349,-3,2014
147,34,2,1.0,33,242.649081691,-4,2014
148,3,2,0.136761024033,139,2019.18593118,-9577,2014
149,3,4,0.0796180987361,107,2460.09371464,-9577,2014
150,3,10,0.663790074586,160,6247.63845414,-9570,2014
151,3,2,1.0,191,408.797941473,-9577,2014
152,32,3,0.933389596551,17,320.576765893,1,2014
153,0,7,1.0,30,399.276904475,-17,2014
154,3,2,0.0812444332035,156,2667.4780828,-9577,2014
155,3,3,0.113364369918,93,3252.06918422,-9576,2014
156,3,4,0.18705905103,142,2670.90395915,-9576,2014
157,2,5,1.0,55,148.58867754,-13,2014
158,2,4,0.717751056958,37,508.346266245,11,2014
159,42,4,1.0,18,85.3285035768,1,2014
160,3,2,0.947947714432,141,4547.53884856,-9577,2014
161,3,11,0.170201393602,132,5149.33782809,-9574,2014
162,3,2,0.210501458232,127,2112.93313063,-9577,2014
163,13,2,1.0,32,238.696614219,-1,2014
164,3,2,1.0,36,864.572576824,17,2014
165,6,2,0.994179646804,36,302.94858547,-2,2014
166,3,2,0.0956665032195,101,2968.24938009,-9577,2014
167,13,6,0.210403605183,79,897.438178274,-290,2014
168,3,2,0.28815433597,147,3869.03015718,-9576,2014
169,3,3,0.169028774765,138,4159.74474078,-9576,2014
170,3,6,0.241695706482,132,5290.47234662,-9575,2014
171,10,12,1.0,31,23.1533212695,7,2014
172,3,2,0.177528913236,143,1548.42845105,-9577,2014
173,3,2,0.189387381144,131,2628.11120713,-9577,2014
174,3,4,0.192738561509,160,5414.97800528,-9577,2014
175,20,12,0.966086403867,26,50.2274732373,6,2014
176,3,2,0.421134059514,124,5817.97684611,-9577,2014
177,3,4,0.428305939876,151,4239.70832432,-9576,2014
178,26,10,0.607538453626,82,713.890248476,-135,2014
179,10,2,1.0,39,460.906396337,-3,2014
180,21,2,1.0,15,182.92357824,0,2014
181,3,7,0.201047724585,23,141.993238346,1,2014
182,3,3,1.0,169,4980.36930167,-9576,2014
183,3,5,0.536360891442,167,2246.12466377,-9576,2014
184,2,7,0.84703985658,60,781.840951521,-4,2014
185,3,2,1.0,140,5161.57058328,-9577,2014
186,6,3,0.45682747517,23,131.589228445,2,2014
187,3,8,0.0999062191686,106,3528.6050223,-9575,2014
188,10,2,1.0,23,675.592003319,1,2014
189,3,4,0.785107831077,155,4491.88534593,-9576,2014
190,3,2,0.12404400241,87,3498.25537907,-9577,2014
191,42,3,0.998502004072,30,250.598417141,1,2014
192,3,2,0.640553277254,161,1557.94668347,-9577,2014
193,43,3,1.0,30,278.839620421,3,2014
194,3,3,0.146197024255,121,3512.46411836,-9576,2014
195,13,2,1.0,28,587.139173858,-5,2014
196,3,2,0.157492254169,121,2737.99773459,-9577,2014
197,3,2,0.708232021953,116,6867.95400635,-9577,2014
198,35,7,0.183028521693,116,407.358393313,-330,2014
199,3,2,0.173021905633,134,3636.39781261,-9577,2014
200,3,2,0.216757976589,134,1998.90447728,-9577,2014
201,3,4,0.167842624518,21,49.6647762495,1,2014
202,13,12,0.5,27,336.877409295,3,2014
203,3,2,0.233559320539,163,1438.69034961,-9577,2014
204,3,2,0.554820467582,150,3976.82899872,-9577,2014
205,3,2,0.656795021344,17,159.368992209,-3,2014
206,35,4,0.578120108003,144,795.395977699,-331,2014
207,34,9,1.0,40,860.662607328,23,2014
208,3,28,0.89873132053,52,482.751200212,-33,2014
209,3,2,0.2646731404,162,6851.63237844,-9577,2014
210,13,3,1.0,29,351.097320899,0,2014
211,41,5,0.997690574739,35,252.568638325,-2,2014
212,3,2,0.417363710953,21,282.463309925,-2,2014
213,3,5,0.0946111513624,119,1777.0136295,-9575,2014
214,32,2,0.999886720581,25,314.713379982,0,2014
215,11,6,1.0,30,160.762185735,2,2014
216,3,2,0.166039373515,131,2103.39424781,-9577,2014
217,3,2,0.200990040157,120,6314.19440886,-9577,2014
218,3,2,0.0828606509239,117,4242.25202336,-9577,2014
219,37,2,1.0,35,738.916662995,-1,2014
220,3,2,0.173429340476,55,2028.51421509,-9577,2014
221,3,5,0.261394384846,152,1851.39393406,-9575,2014
222,3,5,0.183721463222,129,2431.90651652,-9576,2014
223,52,6,0.753895216193,26,86.0541690587,1,2014
224,3,2,0.814809110974,142,3672.59967567,-9577,2014
225,28,3,1.0,31,586.148671903,-1,2014
226,13,3,0.102438022171,56,577.531960195,-291,2014
227,3,2,0.217439738679,126,4972.48140081,-9577,2014
228,35,3,0.906266148357,130,765.713564192,-327,2014
229,5,2,1.0,36,511.475379253,-1,2014
230,3,2,0.189013888512,30,111.770297245,-10,2014
231,55,3,1.0,30,268.285128214,1,2014
232,40,8,1.0,61,525.007469638,53,2014
233,7,6,0.324829277443,33,59.1199074221,-7,2014
234,3,2,0.215566239041,150,3272.90985355,-9577,2014
235,3,2,0.485312591594,139,3269.84899219,-9577,2014
236,14,2,0.999743944442,23,159.726319148,-2,2014
237,3,4,0.389276016626,140,4814.42647087,-9576,2014
238,3,2,0.232433967541,60,2194.68330384,-9577,2014
239,17,6,0.957429705473,21,256.042795078,4,2014
240,3,3,0.139708256247,132,2225.04625814,-9576,2014
241,3,2,0.614922671091,131,3076.58570757,-9577,2014
242,48,3,0.693037585811,57,241.586059246,7,2014
243,3,2,0.368033539461,151,5126.04899425,-9577,2014
244,3,2,0.322545448865,159,5113.57142258,-9577,2014
245,3,3,0.176322257733,132,1723.59662146,-9576,2014
246,3,2,0.999969692438,24,127.436703829,0,2014
247,3,5,0.230997154213,147,4237.27816691,-9576,2014
248,3,2,0.258794348694,17,127.882650205,-8,2014
249,3,3,0.569652545798,155,1928.98709955,-9575,2014
250,3,2,0.14270921465,139,3817.79420412,-9577,2014
251,46,2,0.348797552085,26,249.413233294,-1,2014
252,3,2,1.0,59,1083.12245608,-50,2014
253,3,2,0.20201292386,153,2248.5189053,-9574,2014
254,16,4,1.0,21,226.829268765,0,2014
255,11,3,0.935030830871,26,533.244285243,-2,2014
256,3,2,0.360477336499,164,3659.2084486,-9577,2014
257,3,2,0.190922599427,154,3629.741312,-9577,2014
258,35,6,0.157054748123,72,147.3454432,-90,2014
259,35,2,1.0,159,494.99810657,-333,2014
260,3,2,0.424512590035,130,3425.4039812,-9577,2014
261,3,2,0.187049238569,124,4015.12855704,-9577,2014
262,3,4,0.126101548956,90,3472.18035451,-9576,2014
263,33,2,0.933535815606,48,488.435822445,-27,2014
264,3,6,0.183672428793,138,1109.60312495,-9575,2014
265,3,2,0.511164185804,161,2063.46654832,-9577,2014
266,15,3,1.0,27,341.522211046,1,2014
267,3,2,0.548768067816,131,4156.32526422,-9577,2014
268,3,2,0.0806128240665,50,3017.52939564,-9577,2014
269,3,2,0.125535031992,126,3327.14989428,-9577,2014
270,13,3,1.0,29,400.234961792,-4,2014
271,3,2,0.153847486359,149,3832.59804423,-9577,2014
272,3,2,0.292133357717,138,6191.53632376,-9577,2014
273,3,2,0.193779821031,163,4676.12442185,-9577,2014
274,54,3,0.771428779961,43,521.00743771,-4,2014
275,44,2,0.605256873638,20,159.508357307,0,2014
276,40,4,1.0,47,632.318757443,5,2014
277,3,2,0.13700173675,147,3569.58012652,-9577,2014
278,3,3,0.91173802777,28,4243.40148764,-9573,2014
279,3,2,0.299161291277,94,3875.26333701,-9577,2014
280,3,2,0.364658580404,17,286.245236861,-1,2014
281,3,2,0.100564046492,127,1735.2799658,-9577,2014
282,35,2,0.590975445616,34,160.120710046,-5,2014
283,22,2,0.339304493314,49,250.115240078,-39,2014
284,3,2,0.550996624518,119,5112.00329262,-9577,2014
285,10,2,0.833084106622,34,301.695571175,-3,2014
286,13,2,0.590739813342,72,1088.78453546,-287,2014
287,3,2,0.153176161042,124,3531.20966275,-9577,2014
288,22,3,0.442903143136,24,534.039810762,-38,2014
289,3,2,0.136138158423,89,3241.11157154,-9577,2014
290,31,2,0.887333330251,26,135.158888558,0,2014
291,3,2,0.29635917295,174,4189.38981674,-9577,2014
0,19,36,0.5,27,16.1572023732,11,2006
1,6,2,0.717751056958,27,56.0849709625,0,2006
2,10,23,1.0,24,82.1614928946,7,2006
3,18,6,0.5,25,346.727632088,1,2006
4,3,9,0.691428779818,28,428.582268145,-1,2006
5,20,40,0.49962130831,28,335.40550931,35,2006
6,22,5,0.641481075325,17,197.236624376,-12,2006
7,15,8,0.906558333493,16,48.6837523944,2,2006
8,1,2,1.0,20,317.527329034,0,2006
9,21,6,0.717751056958,18,161.241197142,2,2006
10,2,18,0.581743564233,40,132.213587224,-3,2006
11,10,4,0.456748702278,22,269.293707659,-13,2006
12,11,11,1.0,31,171.139919449,5,2006
13,20,2,0.941044582837,16,631.858294853,-36,2006
14,8,10,0.692127595164,22,79.4420183501,5,2006
15,0,3,0.346549885747,19,167.471562561,0,2006
16,10,8,0.419378854885,27,243.026972758,-5,2006
17,2,20,1.0,38,130.508748084,13,2006
18,8,6,0.856270374365,16,69.5846470234,0,2006
19,19,14,0.412050700489,17,48.4077000961,2,2006
20,20,24,0.597529365122,33,347.292041931,36,2006
21,8,2,1.0,36,222.33679069,-6,2006
22,0,6,0.333333333333,28,396.018601559,-2,2006
23,19,4,0.925341660781,28,435.451162659,1,2006
24,13,2,0.982719965092,23,353.853835944,0,2006
25,0,7,0.998087806549,40,445.721202696,-18,2006
26,16,2,1.0,32,508.787966436,-4,2006
27,0,12,0.5,45,569.897176439,-19,2006
28,9,15,0.86020267821,36,237.133618673,4,2006
29,9,7,0.744018290314,46,296.9007032,-11,2006
30,3,3,0.324836591578,31,327.406430482,6,2006
31,12,3,0.999906275719,27,428.59475899,4,2006
32,3,2,0.414184511209,29,211.04705371,-3,2006
33,5,2,0.514556387904,30,400.999714678,3,2006
34,17,2,1.0,20,233.359598819,-4,2006
35,4,2,0.573636837541,17,315.140435768,0,2006
36,10,4,0.531938420492,29,326.508040692,-13,2006
37,3,2,0.834305461921,19,420.707173745,-6,2006
38,14,4,0.276516895311,21,340.950674569,-1,2006
39,8,3,0.304839792387,29,327.269430985,-1,2006
40,21,4,0.416976728318,22,194.008017346,-6,2006
41,3,2,0.308159543065,19,140.808315649,-6,2006
42,23,5,1.0,24,149.745767167,1,2006
43,0,2,0.366165854847,21,147.915937956,-23,2006
44,19,3,1.0,25,466.254403613,-13,2006
45,5,2,0.849850084663,24,588.45701731,-4,2006
46,0,4,0.524640009593,18,53.3281539462,0,2006
47,16,7,1.0,31,109.556585045,4,2006
48,10,2,0.534531349961,19,107.616351767,1,2006
49,10,3,0.809886289898,39,372.858637252,-12,2006
50,0,3,0.91857823819,16,338.370769482,-3,2006
51,11,2,0.793848114465,30,321.370642162,-6,2006
52,24,2,1.0,29,228.741828446,-1,2006
53,6,2,0.991777443284,37,394.838447439,-4,2006
54,7,3,0.717751056958,22,54.5870536728,0,2006
55,6,2,1.0,19,175.447360378,0,2006
56,3,7,0.484599250014,23,282.041965244,3,2006
0,0,42,0.92940398898,70,292.277289994,21,2001
1,0,34,0.635414339484,36,554.859763273,-6,2001
2,0,34,0.446827314576,75,366.613385042,15,2001
3,0,2,0.426874875441,17,403.394305201,-32,2001
4,0,14,0.381123003647,30,387.977169746,-41,2001
5,0,5,0.49698322647,56,505.992914314,-20,2001
6,0,6,0.474976351226,58,158.32034458,47,2001
7,0,2,0.158376580956,25,84.3752840036,-6,2001
0,4,14,0.920870384047,37,51.7223898864,4,2012
1,1,6,0.5,24,301.184728015,1,2012
2,4,5,0.782029657844,21,179.994068032,-2,2012
3,3,19,1.0,27,95.796297509,12,2012
4,1,2,0.951125404119,19,147.576305478,3,2012
5,1,2,0.96731487341,27,414.52149167,-3,2012
6,1,3,0.958042925865,21,402.879128224,-3,2012
7,1,8,0.616806112398,29,184.804553668,4,2012
8,1,2,0.670251789646,22,199.811294287,-1,2012
9,1,2,0.511190089118,18,72.6408493612,-3,2012
10,1,2,0.755405638851,28,365.338828916,-4,2012
11,2,7,0.341700325847,24,146.18284547,-1,2012
12,5,2,0.404131033017,16,338.16986709,2,2012
13,4,2,0.436553436254,20,178.80773044,6,2012
14,0,5,0.571912141774,23,345.147205665,-15,2012
0,0,21,1.0,42,197.100573811,22,1998
1,0,3,0.609135066319,26,125.26604246,0,1998
0,1,2,0.132081694569,22,48.6393377882,0,2015
1,1,2,0.17386545717,137,2531.87429948,-13196,2015
2,1,24,0.298070092122,154,3639.29924083,-13181,2015
3,1,2,0.320016882432,130,6395.02686679,-13196,2015
4,1,2,0.305216890267,28,1008.34538984,-22,2015
5,1,6,0.128827322527,142,2048.94470622,-13196,2015
6,1,14,0.191386977756,136,1509.44965507,-13191,2015
7,18,32,0.959093006411,93,2633.59235604,-615,2015
8,42,20,0.999975611095,118,545.723472922,291,2015
9,27,6,1.0,24,476.572973824,9,2015
10,6,133,0.733620994838,84,93.4647845701,-55,2015
11,1,6,0.0782383793983,125,2480.17257203,-13196,2015
12,1,7,0.149308185128,136,2559.76638498,-13193,2015
13,25,2,0.964756448806,65,1550.87775813,-155,2015
14,1,13,0.335700093119,144,1815.74145133,-13189,2015
15,33,5,0.906842156523,35,109.985733655,0,2015
16,1,2,0.140046649172,108,1651.23651145,-13196,2015
17,1,2,0.210873400194,150,1355.28170969,-13196,2015
18,1,8,0.594551970099,126,4565.35578129,-13194,2015
19,1,8,0.488635374269,144,4325.73251941,-13193,2015
20,1,8,0.449253531458,28,96.2186676308,0,2015
21,1,7,0.117300167108,143,2135.93694994,-13195,2015
22,1,2,0.140736062331,133,3780.22755879,-13196,2015
23,1,25,0.188110559592,135,1675.1147632,-13180,2015
24,1,16,0.560616003142,158,880.221803755,-13190,2015
25,18,83,0.38461682593,98,288.261534109,-594,2015
26,1,4,0.418641343164,33,509.286600869,-11,2015
27,18,41,0.778783406932,105,1642.40585172,-606,2015
28,1,9,0.162816910738,134,2987.88303188,-13193,2015
29,1,2,0.311747714402,23,65.1436472074,-12,2015
30,1,2,0.235462861716,23,206.189441248,2,2015
31,1,10,0.630618151413,160,4690.80055966,-13179,2015
32,1,10,0.247946707847,136,1525.91257156,-13193,2015
33,21,21,1.0,47,131.587164887,26,2015
34,1,34,0.506922923712,157,2230.09197496,-13180,2015
35,13,16,0.73609145184,111,362.06973237,-171,2015
36,1,5,0.116532360391,143,1740.65299667,-13193,2015
37,1,39,0.428785197225,131,2861.88617184,-13184,2015
38,1,5,0.366838238941,33,152.018947499,2,2015
39,1,3,0.112299327762,127,2202.64739974,-13195,2015
40,34,4,0.969046804541,26,218.397512642,4,2015
41,1,2,0.475454401781,26,693.715712495,1,2015
42,1,2,1.0,33,546.996944436,1,2015
43,1,11,1.0,100,238.381623011,128,2015
44,1,8,0.78210096931,26,107.634242758,5,2015
45,1,5,0.0988763067832,144,3558.53335053,-13195,2015
46,11,3,1.0,24,269.381531101,1,2015
47,1,3,0.176024417722,20,230.208114859,3,2015
48,1,2,0.176388077968,145,2754.75691873,-13196,2015
49,1,11,1.0,133,4994.31524249,-13190,2015
50,1,3,0.194828013304,134,3635.53115215,-13195,2015
51,1,2,0.474528820199,158,3553.78433052,-13194,2015
52,19,43,0.687115368089,76,146.987498679,-20,2015
53,21,11,0.450821967924,52,201.277564813,-23,2015
54,1,6,0.321076821545,33,481.93565802,26,2015
55,22,13,0.691709647808,52,148.071474767,43,2015
56,1,15,1.0,119,6855.22433162,-13188,2015
57,1,10,0.297185657839,146,733.509945955,-13192,2015
58,1,2,0.159930799191,148,1570.93824387,-13196,2015
59,1,6,0.460005001715,145,3139.63212703,-13193,2015
60,1,6,0.68710532834,141,3769.02565192,-13194,2015
61,1,4,0.0629919925003,22,183.598115536,-16,2015
62,15,3,1.0,31,597.32747356,-1,2015
63,1,4,0.315387815228,21,245.977446701,-2,2015
64,1,5,0.845246299946,166,3207.15234334,-13193,2015
65,1,2,0.162409899271,136,1770.52339013,-13196,2015
66,1,4,0.0915461440626,115,2124.81228431,-13196,2015
67,1,2,0.129927114856,121,1601.15373724,-13196,2015
68,1,22,0.122205738454,133,2093.12691097,-13190,2015
69,1,7,0.667054172127,24,274.830165135,-3,2015
70,1,3,0.135110078869,24,131.272594808,2,2015
71,1,2,0.0798746804172,120,1981.17190434,-13196,2015
72,27,2,0.999929912946,37,711.744962045,-9,2015
73,5,5,0.559759523182,24,102.845746216,-2,2015
74,1,21,0.154735791308,143,1314.91302256,-13191,2015
75,1,2,0.150246712923,123,2953.95523927,-13196,2015
76,27,8,1.0,36,314.733038008,9,2015
77,1,14,0.179614338489,143,1552.32132303,-13191,2015
78,1,12,0.231241806626,49,502.516022732,10,2015
79,29,2,0.671037927134,39,608.579806361,-31,2015
80,25,6,0.607758057383,49,1127.51399575,-147,2015
81,1,6,0.0812279223696,127,1425.55173227,-13196,2015
82,1,4,0.113321233312,140,2592.75958967,-13196,2015
83,1,2,0.236574904367,159,6613.39629583,-13194,2015
84,1,10,0.372165932102,148,2438.2054549,-13192,2015
85,1,30,0.2787645578,157,1445.81605351,-13179,2015
86,1,2,0.314075991839,142,3063.61206089,-13196,2015
87,31,4,0.485850829797,25,422.364129923,-4,2015
88,1,9,0.214654825338,145,5144.63592308,-13192,2015
89,1,3,0.134150603488,140,2284.33906925,-13195,2015
90,1,2,0.186468319171,130,2569.69535632,-13196,2015
91,1,18,0.172526298464,142,375.996971475,-13194,2015
92,1,2,0.104728835508,137,1858.8711379,-13196,2015
93,1,4,0.159771034599,134,2983.65227782,-13195,2015
94,1,2,0.106372782718,134,2194.07259763,-13196,2015
95,32,3,1.0,26,373.08535166,-1,2015
96,1,2,0.444310084436,156,3704.95746785,-13196,2015
97,1,7,0.355976341637,143,3465.33668121,-13194,2015
98,1,2,0.0918691818912,142,2335.67770404,-13196,2015
99,35,4,0.200716667101,24,544.417105076,-10,2015
100,1,5,0.876886405055,168,3951.79633212,-13194,2015
101,1,2,0.0925451347035,121,2720.38052663,-13196,2015
102,13,26,1.0,108,382.230981337,172,2015
103,18,26,1.0,104,556.102505238,625,2015
104,1,15,0.159887503192,136,2249.26566867,-13193,2015
105,1,6,0.13675815746,137,1812.40668159,-13194,2015
106,1,8,0.101415391369,143,1430.1265169,-13194,2015
107,28,2,1.0,24,501.867717239,1,2015
108,4,7,0.880797077978,25,109.698560336,2,2015
109,32,3,0.998243157306,31,448.457772913,-6,2015
110,1,2,0.0731717671449,132,2017.38338201,-13196,2015
111,1,6,0.912954832186,35,318.420849755,-4,2015
112,1,13,0.373402593983,135,937.633342438,-13192,2015
113,1,6,0.167946000322,165,4851.73686622,-13191,2015
114,1,2,0.392304128725,26,303.440439471,-8,2015
115,1,5,0.291938706279,159,2268.69633328,-13194,2015
116,1,9,0.0952426868614,114,2589.07368783,-13193,2015
117,1,2,0.381229052269,36,332.741445241,-16,2015
118,10,10,0.705128735745,43,138.220782059,0,2015
119,1,3,0.22239192322,139,6520.66765132,-13195,2015
120,42,2,0.580059045262,22,413.376566654,0,2015
121,1,6,0.212204704998,146,2693.23780793,-13195,2015
122,15,7,0.857382203035,26,417.101247928,-1,2015
123,1,3,0.74393877532,159,6737.43254517,-13068,2015
124,42,2,0.806142033442,32,267.722782935,1,2015
125,25,5,0.474039912484,30,425.51668775,8,2015
126,38,2,0.922175752962,24,149.024257131,-1,2015
127,42,2,0.515345450423,77,694.872115968,-303,2015
128,1,8,0.112587672622,134,2243.72285016,-13194,2015
129,1,9,0.199502484488,146,664.485144212,-13194,2015
130,9,3,0.717194847143,36,408.843328007,2,2015
131,1,2,0.075911692458,126,1960.91104676,-13196,2015
132,1,2,0.152186158577,21,301.491385249,7,2015
133,26,9,1.0,95,128.807703223,30,2015
134,1,3,0.449303996859,29,241.946109881,4,2015
135,1,14,0.326267702926,146,4709.7009824,-13190,2015
136,1,6,0.102403148319,114,2533.57860993,-13195,2015
137,1,2,0.582458221219,154,4559.00637777,-13196,2015
138,1,4,0.921348908438,41,243.796415764,-26,2015
139,1,3,0.863958449298,162,2548.02815803,-13194,2015
140,18,7,0.113092055752,75,297.366009125,-625,2015
141,1,2,0.0959809195526,145,6008.52128373,-13196,2015
142,13,4,0.775186052602,97,625.180887116,-176,2015
143,1,46,0.282924157315,160,1029.96276156,-13169,2015
144,4,11,0.929083230566,31,186.482507581,1,2015
145,2,6,0.333333333333,18,392.036713622,-3,2015
146,1,2,0.128870765599,132,2875.60888308,-13196,2015
147,1,2,0.599114789224,155,2829.1815656,-13196,2015
148,12,4,0.999656498403,23,471.549393132,-3,2015
149,1,11,0.382219361858,148,2412.45550159,-13191,2015
150,25,14,0.990487512555,34,138.468823659,7,2015
151,1,6,0.184816866594,141,2334.84676772,-13194,2015
152,1,4,0.187568413514,139,577.768083185,-13196,2015
153,1,2,0.168427308213,170,3658.22559144,-13196,2015
154,1,6,0.725190562041,19,119.251666686,0,2015
155,11,12,1.0,63,337.417088711,39,2015
156,16,8,0.976556475535,84,146.001452195,53,2015
157,32,2,0.314969861771,40,356.128052759,2,2015
158,25,2,0.753346192662,30,322.007655991,-8,2015
159,22,2,0.923206317202,36,1128.32653129,-46,2015
160,1,4,0.20188575906,150,994.603128987,-13194,2015
161,1,2,0.392282951214,155,2888.16452012,-13196,2015
162,1,6,0.144088467542,123,1851.87835271,-13193,2015
163,25,2,0.804300877005,20,277.49125032,-8,2015
164,1,2,0.114477109641,137,4990.58915407,-13196,2015
165,1,4,0.172808209952,136,1866.85496813,-13195,2015
166,25,2,1.0,66,1347.46079742,-155,2015
167,1,4,0.119677143418,127,3061.75654974,-13195,2015
168,1,6,0.244337436492,26,168.45950078,-2,2015
169,16,4,0.996893802771,82,523.33150055,53,2015
170,1,5,0.433425680053,81,1042.97563715,-127,2015
171,1,16,0.105131494891,130,910.455439551,-13193,2015
172,1,4,0.0683830301111,121,1655.61230222,-13195,2015
173,1,3,0.111456206874,132,3299.35592038,-13195,2015
174,1,3,0.337274052822,27,354.68737292,-3,2015
175,32,3,1.0,40,744.75745507,-7,2015
176,17,3,0.494045888682,74,111.316410366,-24,2015
177,1,6,0.379051868818,26,212.82431437,0,2015
178,1,2,0.23676184101,126,1902.86101157,-13196,2015
179,20,2,1.0,24,455.138618875,-3,2015
180,1,2,0.202165654508,131,5112.77354898,-13195,2015
181,1,18,0.34469858296,146,1642.54893656,-13189,2015
182,1,6,0.638861773398,26,546.504615523,13,2015
183,1,4,0.127169592978,143,3976.0928344,-13188,2015
184,42,6,0.819006837726,120,926.814078459,302,2015
185,1,2,0.0807813280839,117,4955.11887844,-13196,2015
186,1,4,0.489583641783,18,220.377756646,4,2015
187,13,2,1.0,75,1595.4361058,-177,2015
188,1,2,0.381256288103,166,1650.60183766,-13194,2015
189,18,3,0.543780997834,39,600.83972628,-32,2015
190,1,17,0.582248824497,170,4047.14512318,-13189,2015
191,1,7,0.157413854007,137,3269.07271474,-13193,2015
192,1,4,0.633415202867,152,1683.07620706,-13195,2015
193,2,2,1.0,27,445.962428691,-3,2015
194,1,2,0.299459045555,30,1228.67426998,22,2015
195,1,3,0.3535586628,32,347.976400424,1,2015
196,1,2,0.191093055964,132,1248.79359232,-13196,2015
197,1,3,0.124315017048,110,4855.55403453,-13195,2015
198,1,3,0.479424043658,162,4920.95085004,-13195,2015
199,1,2,0.449497024448,161,5484.85538293,-13196,2015
200,18,6,0.619555255416,48,1001.69648546,19,2015
201,8,7,0.683692031675,23,43.8979439035,3,2015
202,1,13,0.19654189758,133,2584.25360514,-13192,2015
203,1,3,0.291139669404,157,2413.58575089,-13193,2015
204,1,10,0.318873765968,146,1145.12609611,-13192,2015
205,1,6,0.368726751875,156,1430.80168472,-13193,2015
206,1,2,0.105455028463,130,2315.38912902,-13196,2015
207,1,2,0.117856270839,126,1151.3124138,-13196,2015
208,1,4,0.409189502123,169,6017.85811625,-13191,2015
209,1,2,0.489271643283,46,330.307287062,-26,2015
210,42,4,0.624096421931,91,374.504520138,-302,2015
211,11,5,1.0,50,726.7440692,39,2015
212,25,5,0.988995607987,31,40.3477797836,2,2015
213,1,2,0.106979487064,135,1446.53478665,-13196,2015
214,11,13,0.490200589423,76,288.163499677,-32,2015
215,28,2,0.990307293675,20,366.689614213,-1,2015
216,1,4,0.108743151966,136,1468.66704519,-13195,2015
217,27,5,1.0,32,285.676106605,4,2015
218,1,7,0.227867768159,137,5608.30663452,-13191,2015
219,25,2,0.107338700543,58,366.015198069,-155,2015
220,1,8,0.254190803311,37,271.285371577,25,2015
221,1,2,0.0790502699581,142,3484.63616302,-13196,2015
222,1,7,0.19120394152,138,1230.43444446,-13194,2015
223,1,2,0.100821289457,119,2101.02575549,-13196,2015
224,1,2,0.0805224617285,21,4.74906632788,-1,2015
225,1,3,0.124544427893,118,2992.79159907,-13195,2015
226,1,2,0.0882052633588,124,1545.89764678,-13196,2015
227,1,2,0.559026241687,175,5143.08465882,-13196,2015
228,1,2,0.270876919173,16,165.978968447,0,2015
229,1,2,0.630354758681,28,23.3689397916,-7,2015
230,1,2,0.282182411565,23,214.09027061,0,2015
231,41,2,1.0,23,165.564113819,0,2015
232,1,5,0.0954398273517,131,2881.5835876,-13195,2015
233,35,12,0.36133738636,34,327.423193628,6,2015
234,1,2,0.0910869315522,109,4561.46283334,-13196,2015
235,32,4,1.0,33,200.062667963,-1,2015
236,32,4,1.0,35,584.728048077,-6,2015
237,1,4,0.280636623783,153,3449.00565796,-13195,2015
238,1,2,0.393395652597,147,5924.54414849,-13196,2015
239,19,2,0.907181388412,41,1151.55974513,-19,2015
240,17,2,0.698292634538,24,112.745010495,-1,2015
241,1,2,0.114748969419,133,1462.47826704,-13196,2015
242,18,8,0.749728165465,25,226.688239015,-1,2015
243,18,4,0.17242359181,85,791.004597941,-627,2015
244,1,3,0.0976902405513,135,3737.36688302,-13195,2015
245,1,5,0.247541913717,167,2548.67878767,-13191,2015
246,9,4,0.791391472674,46,267.703971511,7,2015
247,1,3,0.200531305884,135,5208.95113037,-13195,2015
248,1,2,0.0927372492245,123,1509.21598309,-13196,2015
249,1,2,0.466885340121,61,918.27593386,-128,2015
250,1,2,0.1201843503,24,363.82443216,5,2015
251,1,4,0.605412904227,22,199.998365876,5,2015
252,1,2,0.0789374889075,114,5116.53843448,-13196,2015
253,1,3,0.196133943439,137,1468.31749821,-13195,2015
254,1,2,0.0873352068423,136,3179.7489316,-13196,2015
255,25,2,0.230694840848,64,1184.87418067,-152,2015
256,11,8,0.963488300222,69,381.811790199,-36,2015
257,9,4,1.0,41,646.785924823,-5,2015
258,1,3,0.768453562723,140,6466.68452043,-13195,2015
259,1,2,0.901618953476,149,5778.99458548,-13195,2015
260,7,3,1.0,34,142.719634459,-3,2015
261,1,6,0.261200299263,142,2244.10857848,-13194,2015
262,1,2,0.0996495160066,126,2692.17947948,-13196,2015
263,1,2,1.0,71,4234.68126656,-13196,2015
264,1,6,0.930234934506,95,381.880023857,-126,2015
265,13,2,0.980711535445,69,930.843047837,-177,2015
266,14,2,1.0,26,515.296957821,0,2015
267,1,3,0.471434040483,150,2966.31645737,-13194,2015
268,25,2,0.786413255343,24,429.733980938,-3,2015
269,1,2,0.142494885341,147,4767.77701036,-13196,2015
270,18,7,0.190771293491,107,1675.29445354,-626,2015
271,1,4,0.219459189387,143,3125.05028987,-13195,2015
272,27,2,0.295530275127,31,529.779703281,0,2015
273,16,2,1.0,85,303.189744657,-53,2015
274,1,3,0.265231586081,26,268.303135408,17,2015
275,1,6,0.495645738222,39,448.65732271,-2,2015
276,28,3,1.0,27,516.721449098,1,2015
277,1,6,0.153416396683,132,1012.10789779,-13194,2015
278,1,2,0.277643727166,145,3687.11678688,-13196,2015
279,1,2,0.120368782769,110,5667.09622574,-13196,2015
280,31,2,0.853532485747,35,290.877353772,2,2015
281,1,2,0.119658054192,122,3416.88936316,-13196,2015
282,1,2,0.208906932417,162,4069.60589799,-13196,2015
283,37,2,1.0,21,70.9461703799,0,2015
284,1,4,0.128468961509,171,1907.15572171,-13170,2015
285,1,2,0.115771860664,131,1700.68174599,-13194,2015
286,1,3,0.106201856739,144,2892.76412959,-13189,2015
287,1,2,0.124071921992,142,6708.04854146,-13196,2015
288,1,2,0.247052647338,152,3129.24070494,-13196,2015
289,1,5,0.151040187407,137,2161.75035928,-13195,2015
290,33,5,0.907188295883,29,408.805210933,2,2015
291,36,2,0.745836142867,27,230.521190735,0,2015
292,1,2,0.121609527338,136,1382.50789089,-13196,2015
293,3,5,1.0,30,488.820872456,17,2015
294,17,4,0.5,27,378.211918505,0,2015
295,1,2,0.167628703355,132,2836.79324972,-13196,2015
296,42,2,1.0,91,998.889096279,-303,2015
297,1,2,0.78156210176,23,156.961722355,0,2015
298,1,3,0.142511480623,143,3056.25108439,-13195,2015
299,1,2,0.144098247089,137,4591.10798398,-13196,2015
300,16,6,0.915576966607,31,84.1954122961,3,2015
301,1,2,1.0,21,523.621199794,-1,2015
302,1,2,0.403001482888,27,325.188815074,-5,2015
303,23,2,0.999149538635,22,264.648731016,0,2015
304,1,2,0.267861313217,140,2948.8194023,-13196,2015
305,1,5,0.22315536063,20,297.210029259,-1,2015
306,1,3,0.138154285364,29,87.3113578723,5,2015
307,24,2,1.0,17,219.032771593,1,2015
308,1,4,0.511934540137,29,793.392428846,-11,2015
309,1,4,0.190645817172,139,5017.18778024,-13195,2015
310,1,2,0.153211949184,130,1382.45745354,-13196,2015
311,1,2,0.10081147693,23,90.0668694425,2,2015
312,39,3,1.0,30,364.737547021,-2,2015
313,12,2,0.755103242101,22,62.5260457287,0,2015
314,30,2,0.33683200073,53,66.7226458965,-20,2015
315,25,2,0.524539713474,18,160.342130392,-3,2015
316,1,2,0.148173177818,132,1831.00786055,-13196,2015
317,34,2,0.914301328178,38,46.2356269309,-4,2015
318,0,2,1.0,23,591.015496323,-19,2015
319,43,2,0.591597941341,34,352.546310397,2,2015
320,1,5,0.0892240181539,110,5160.95046337,-13195,2015
321,25,3,1.0,25,1021.82783924,-154,2015
322,1,2,0.920018539369,21,451.913066686,-5,2015
323,1,2,0.199573766436,150,305.181450102,-13196,2015
324,1,7,0.917396000185,160,3541.1211741,-13193,2015
325,1,6,0.102393904363,138,5062.65503039,-13195,2015
326,1,2,0.451239789898,138,4100.74283393,-13196,2015
327,28,2,0.981829020367,25,268.33836984,0,2015
328,1,2,0.0991931453246,20,146.382872116,-2,2015
329,1,2,1.0,40,1377.29621089,-128,2015
330,1,3,1.0,94,4435.22911577,-13195,2015
331,1,2,0.141380080582,110,4331.19839538,-13196,2015
332,18,7,1.0,102,1487.34520889,625,2015
333,1,2,0.0802331102183,114,1603.25190963,-13196,2015
334,1,2,0.208144056441,22,155.568168964,-1,2015
335,1,3,0.355500047355,30,296.862329409,-3,2015
336,40,2,0.586245567158,19,63.2852670162,0,2015
337,1,2,0.409788435071,26,150.245526882,5,2015
338,1,2,1.0,109,6427.86648873,-13196,2015
339,1,3,0.176380695575,125,2154.20248768,-13195,2015
340,1,2,0.155349271815,144,2676.66913161,-13196,2015
341,26,3,0.732085410898,25,104.185617642,1,2015
342,17,2,1.0,68,405.354413492,25,2015
343,18,2,0.267849758566,93,1675.75166158,-627,2015
344,1,2,0.344402769772,24,106.545201169,1,2015
345,1,2,0.0835530486809,139,4681.67542351,-13196,2015
346,1,2,0.161743960271,122,1345.51441148,-13196,2015
347,1,2,0.23838155697,37,419.767218367,23,2015
348,1,2,0.971946326964,21,650.583686072,-127,2015
349,1,2,0.297300180219,31,195.891371917,5,2015
350,1,4,0.122555894093,137,3758.886489,-13195,2015
351,1,2,0.257282324268,25,459.513922347,16,2015
352,12,2,0.875689952098,34,63.956485488,-4,2015
353,1,2,0.999579280402,27,206.734277202,-2,2015
354,32,4,0.992803466366,33,492.475922409,8,2015
355,1,2,0.381125948219,169,31.1507215161,-13193,2015
0,0,4,1.0,19,0.0,0,2005
0,0,2,1.0,17,131.278821067,-1,2013
0,23,2,0.526845838564,31,284.363232635,3,2010
1,7,2,0.763650569531,23,112.196253995,-2,2010
2,9,13,0.325976625151,17,202.92621332,-29,2010
3,9,29,1.0,45,245.100797325,31,2010
4,0,2,0.483659473532,34,174.131234294,-2,2010
5,2,13,0.716494511832,34,462.149560136,-9,2010
6,26,5,1.0,24,377.196711942,-1,2010
7,13,2,0.987168032742,15,211.907972383,0,2010
8,9,17,0.871861303481,29,460.242358194,32,2010
9,25,3,0.698988101945,25,197.375322217,-1,2010
10,13,7,0.838816310146,23,219.651467107,-1,2010
11,22,7,0.534079425099,23,168.251436557,-2,2010
12,18,4,0.343609444742,22,164.062972928,-5,2010
13,1,4,0.931965383143,27,190.3047288,2,2010
14,20,2,0.645381448919,20,255.39595722,0,2010
15,13,2,0.50142652553,26,292.071998168,-3,2010
16,27,6,0.434556976905,32,205.816845216,-1,2010
17,15,2,0.760415356411,22,134.322680571,-1,2010
18,25,4,0.965554804334,37,567.640293932,-4,2010
19,18,2,0.729067071567,36,427.866759876,-6,2010
20,1,2,0.893070966259,25,668.010803867,-3,2010
21,18,3,0.699206837458,46,207.811235952,1,2010
22,19,6,1.0,23,305.375064027,3,2010
23,3,8,1.0,26,523.452508191,-3,2010
24,4,3,0.738487422755,26,315.005546125,-2,2010
25,24,3,1.0,26,452.136772828,1,2010
26,12,4,1.0,28,326.934117052,2,2010
27,26,5,1.0,20,389.4947585,0,2010
28,8,5,1.0,33,304.035140311,3,2010
29,6,10,0.548655614501,20,136.297072867,1,2010
30,17,3,0.445259328476,30,114.967477257,-1,2010
31,21,7,1.0,32,99.9416301576,2,2010
32,18,4,0.912288488091,23,462.042054771,6,2010
33,11,3,0.933021098381,27,427.196491444,1,2010
34,11,2,0.956038333974,28,365.719481266,-1,2010
35,0,3,0.656617465156,25,338.071725221,1,2010
36,5,6,0.5,23,276.975837217,1,2010
37,9,2,0.447708219211,25,218.370264866,-1,2010
38,12,2,0.88478794473,20,225.635522445,0,2010
39,0,5,0.792700263409,24,215.091391272,1,2010
40,18,4,0.905630293049,30,353.062428093,6,2010
41,14,2,0.622169145242,21,24.6677159091,-1,2010
42,11,3,0.916827303506,29,355.424042069,2,2010
43,15,2,0.932996326678,25,186.23369859,0,2010
44,1,2,0.345773275377,23,119.863274036,-3,2010
45,8,2,0.50794897816,24,380.126369534,-4,2010
46,25,2,0.998166076886,30,365.254505796,-2,2010
47,18,2,0.848124899671,27,326.674226984,0,2010
48,0,2,0.660756368766,33,226.254326377,2,2010
49,20,2,1.0,19,532.342995808,0,2010
50,19,2,0.608400803132,39,220.131346557,1,2010
51,10,2,0.883825495523,26,257.014669359,-1,2010
52,8,2,0.986416310845,14,0.0,0,2010
53,20,2,1.0,20,553.841506067,0,2010
54,12,2,0.514088495471,20,295.045770676,-3,2010
55,11,2,0.869714970783,26,442.431079988,-1,2010
56,18,2,0.774293975407,27,641.153182242,-6,2010
57,16,2,0.715900344721,18,64.0572820609,-3,2010
58,4,2,1.0,32,158.890940165,-3,2010
59,3,2,0.834484848941,16,403.373501344,-5,2010
60,2,2,0.455130261201,38,265.346506482,-13,2010
61,3,2,0.789532648697,35,1032.43360844,-1,2010
62,8,2,0.831577275215,23,412.468062412,0,2010
63,19,3,0.586882940376,19,122.890935805,-2,2010
64,22,2,0.88177338733,29,185.635065445,-3,2010
65,19,2,0.9694785644,26,538.825548442,-4,2010
66,6,2,0.396430994653,26,337.366058728,-5,2010
67,26,4,0.374270050165,19,403.847782515,-3,2010
0,1,6,0.402105078037,46,659.025965358,12,2009
1,16,7,1.0,20,464.157843412,1,2009
2,14,4,0.994358444058,14,36.4608603626,1,2009
3,7,15,0.487939847794,27,165.489508385,8,2009
4,5,10,1.0,33,745.953225001,2,2009
5,7,3,0.660756368766,24,323.076130197,-3,2009
6,4,18,0.892277926792,29,95.0798055808,3,2009
7,8,24,1.0,31,146.909569542,8,2009
8,5,5,0.563593287446,28,228.623747426,-3,2009
9,16,6,0.460306094057,23,335.471613626,-2,2009
10,5,8,0.450015168692,36,327.376975109,-15,2009
11,4,4,0.84593670829,22,281.875765818,-6,2009
12,16,9,1.0,24,389.289117482,3,2009
13,12,2,1.0,16,115.692453548,-2,2009
14,6,5,1.0,21,338.764857706,5,2009
15,4,6,0.427640808138,29,111.836189139,1,2009
16,7,5,0.583111344988,45,102.55375309,-5,2009
17,7,3,0.646845734277,18,123.166238532,0,2009
18,1,3,0.537700582451,21,467.025735469,-13,2009
19,15,3,0.927392378183,28,88.1233198035,1,2009
20,1,24,0.992036046974,33,361.96812867,-10,2009
21,16,8,0.48157151879,22,230.820518846,4,2009
22,3,7,1.0,29,256.70709731,2,2009
23,16,12,0.803147936385,33,118.967313364,0,2009
24,16,2,0.456062005022,31,352.078471551,-9,2009
25,3,5,0.443394417304,26,136.333540536,-2,2009
26,5,2,0.646747444886,36,238.218649457,-12,2009
27,14,2,0.642785649483,17,313.100744462,-2,2009
28,9,2,0.937682962253,24,321.193524102,-3,2009
29,11,4,0.893878250772,24,119.423516256,-3,2009
30,0,3,1.0,14,46.0465480005,-1,2009
31,5,13,0.388378270902,43,147.067153615,11,2009
32,7,2,0.536733542584,22,82.4849121719,-9,2009
33,13,2,1.0,30,355.466162178,-2,2009
34,0,8,0.5,24,24.9152468081,2,2009
35,5,3,0.53633439042,34,141.10113531,-18,2009
36,6,2,1.0,29,251.282184725,-1,2009
37,7,4,0.470352935411,23,63.6521142918,4,2009
38,1,13,1.0,23,649.497235627,20,2009
39,5,3,0.564717338747,16,67.3619908317,-3,2009
40,2,2,0.986955439451,23,74.6166643778,0,2009
41,5,5,0.6460004214,35,846.563258372,-1,2009
42,10,2,0.925400392214,27,379.686249236,0,2009
43,2,2,0.815645303211,17,390.105551643,0,2009
44,16,9,1.0,27,131.239651565,3,2009
45,14,4,0.923696393573,27,270.15126355,1,2009
46,6,3,0.964508608952,42,87.9978739452,4,2009
47,5,3,0.367683894063,57,720.758211184,-5,2009
48,16,4,0.330020109895,35,555.689646624,5,2009
49,5,3,0.342314885906,22,317.459578143,-17,2009
50,14,3,0.865237959261,31,201.64643144,0,2009
51,5,3,0.358271224382,25,531.200434879,-14,2009
0,3,10,0.8952592894,24,562.942174099,-23,2008
1,2,48,0.870185526117,26,69.8542152312,19,2008
2,3,2,0.441486139995,36,694.386213163,-29,2008
3,5,3,0.949649148227,27,402.072021059,0,2008
4,1,3,0.642097615354,20,29.7680432858,1,2008
5,4,7,0.337235943875,17,170.55640399,-4,2008
6,0,3,0.599557362145,17,100.478715822,0,2008
0,4,3,0.830062840575,21,379.174573038,5,2011
1,4,4,0.865530634421,24,645.75871987,-3,2011
2,4,3,0.790782107671,41,183.467000151,-4,2011
3,4,4,0.5,19,465.034890125,0,2011
4,4,8,1.0,32,338.909756181,7,2011
5,9,2,0.842518780617,25,375.329609642,0,2011
6,8,19,1.0,22,123.376810314,13,2011
7,5,8,0.599543310662,24,48.0557740815,0,2011
8,6,5,1.0,29,50.3688164313,3,2011
9,19,5,0.888347140918,24,233.624328909,7,2011
10,2,19,0.792190310966,33,71.7477205115,17,2011
11,3,24,1.0,33,102.31773665,11,2011
12,0,4,1.0,35,612.488081829,-1,2011
13,5,3,0.778237294254,18,170.693478152,-1,2011
14,20,8,0.815789323388,24,322.087365732,10,2011
15,19,6,0.589696289372,35,225.660665857,6,2011
16,4,6,0.789530095347,26,536.016805545,1,2011
17,4,2,0.943741093463,25,556.362238524,-9,2011
18,15,9,0.953135831105,24,107.170952928,4,2011
19,5,2,0.715886216295,26,176.019829106,-1,2011
20,21,2,0.65679577182,22,200.877509437,-4,2011
21,7,4,0.719302142046,26,56.509510362,1,2011
22,17,4,0.652979879292,22,287.150574642,-2,2011
23,4,5,0.942586158004,34,53.7672581495,2,2011
24,18,5,1.0,27,348.932995952,2,2011
25,18,2,1.0,15,188.165229773,-3,2011
26,4,3,0.430882607041,29,158.726436655,-1,2011
27,21,6,0.769410260884,25,217.282273534,4,2011
28,24,3,0.697819860197,23,758.891476778,11,2011
29,14,4,1.0,35,380.018624441,1,2011
30,10,4,0.869080718405,26,280.370832765,-1,2011
31,20,4,0.789983593205,35,292.051458279,10,2011
32,4,5,0.753278413749,23,30.2549978352,-3,2011
33,4,2,0.289048161038,25,359.546917471,-6,2011
34,19,2,0.642051719993,33,281.805812661,-1,2011
35,20,2,0.758196966548,21,175.208199586,-1,2011
36,9,6,0.474679366146,20,155.980059679,0,2011
37,11,3,0.873883302474,19,271.851922744,4,2011
38,11,6,0.738535987073,26,396.995728457,-1,2011
39,4,6,1.0,23,169.877358432,3,2011
40,13,3,0.546255504808,17,436.850445423,3,2011
41,12,4,0.343127470646,36,150.820209817,-3,2011
42,3,3,1.0,29,384.123580116,-2,2011
43,9,2,0.434208023974,28,47.850018631,-4,2011
44,14,2,0.524550831596,23,243.672681088,-1,2011
45,16,2,0.545286480439,29,365.200958774,-12,2011
46,14,3,0.483497590534,20,376.081081094,2,2011
47,4,2,0.968674378904,33,768.738453718,7,2011
48,4,2,0.577504774668,28,612.173722756,-6,2011
49,9,3,0.996511261367,27,192.471345236,1,2011
50,22,2,0.623900102425,24,275.645696017,-2,2011
51,7,2,0.744950293833,21,125.08883342,-1,2011
52,5,3,0.769446011613,39,516.087667306,-16,2011
53,19,2,0.669898206328,25,351.451064575,-7,2011
54,3,2,0.796820205304,36,566.378815461,-14,2011
55,6,2,0.824046277923,21,117.842342863,-3,2011
56,23,2,0.670330272091,22,218.597969194,-3,2011
57,4,3,1.0,25,631.646681785,-8,2011
58,1,2,1.0,25,587.312522312,-2,2011
59,21,2,0.765704237893,17,158.487581805,-4,2011
60,11,2,0.88457187726,18,280.275774994,-3,2011
0,0,22,1.0,32,74.0234788759,10,2007
1,1,8,0.717751056958,30,252.522428306,1,2007
0,0,6,1.0,32,538.235118536,-8,2002
1,0,2,0.385828704504,66,917.960836539,-291,2002
2,23,2,0.998696529951,20,552.98459021,-3,2002
3,0,20,1.0,115,406.413586259,128,2002
4,0,33,0.755218355009,72,424.837699268,-73,2002
5,16,6,1.0,26,217.534394013,1,2002
6,0,22,0.179979681209,44,923.534163987,-767,2002
7,1,38,0.755820035556,139,1122.98434187,-423,2002
8,4,9,0.619287641779,118,676.277029157,-114,2002
9,0,8,1.0,23,539.401637446,19,2002
10,35,2,0.6509723626,33,478.417321821,2,2002
11,7,4,0.940062649608,41,248.946310363,-5,2002
12,0,6,0.932869260439,31,975.051834519,-4,2002
13,14,41,1.0,80,204.176348958,49,2002
14,22,2,0.99996711452,35,442.237353903,-5,2002
15,1,2,0.758006323543,67,914.019705033,-46,2002
16,8,2,1.0,48,222.550136508,-6,2002
17,30,4,0.796408327495,53,143.144655611,7,2002
18,21,8,1.0,40,149.707760219,-1,2002
19,0,4,0.0979306423532,63,498.690488363,-786,2002
20,0,14,0.408027640639,45,1236.36522728,-782,2002
21,0,20,0.898863299709,53,973.494576084,34,2002
22,19,3,1.0,33,220.105345034,0,2002
23,0,36,0.413538272725,142,256.125618313,-276,2002
24,28,9,0.881034537858,25,175.180311222,5,2002
25,32,2,0.913619902533,32,304.112559764,-1,2002
26,5,11,0.442753174657,23,86.9475661961,-7,2002
27,0,4,0.129407763385,23,132.815901989,-3,2002
28,0,6,0.691518075438,91,1378.83854753,-125,2002
29,23,24,0.684334756472,42,312.542294602,-32,2002
30,22,10,0.728491755359,27,178.071411653,3,2002
31,6,3,0.889075708775,30,205.953760491,1,2002
32,0,12,0.419729090308,134,910.235449073,-287,2002
33,0,11,1.0,50,317.658749554,-15,2002
34,0,3,0.896420062853,126,421.30723081,-778,2002
35,30,2,0.859784474236,19,507.400057254,-4,2002
36,1,2,0.484599250014,24,381.149906791,-1,2002
37,23,3,1.0,44,977.276892679,4,2002
38,0,5,0.979245721695,39,831.962679125,15,2002
39,1,47,0.953655089323,130,261.807843212,-445,2002
40,0,24,0.281579638795,151,2134.7268451,-495,2002
41,23,13,0.458774066326,27,0.0,0,2002
42,20,6,0.5,22,276.616756951,-2,2002
43,22,5,0.423190639051,31,178.182553695,3,2002
44,5,25,0.767864090581,26,172.445618298,8,2002
45,23,3,0.492328579515,29,292.572146903,3,2002
46,0,26,0.84842106321,56,332.266242958,-29,2002
47,0,13,0.481375266396,126,3044.23228184,-657,2002
48,22,2,0.873115225595,32,373.482497724,-4,2002
49,14,16,1.0,30,122.899491435,3,2002
50,26,5,1.0,18,120.804020511,3,2002
51,0,27,0.987853581141,110,942.066586548,-65,2002
52,1,15,0.550834725534,145,1376.88498556,-463,2002
53,23,9,1.0,69,546.181997114,51,2002
54,0,6,0.289808470884,33,414.50463014,7,2002
55,31,3,0.839114985713,27,255.790446626,0,2002
56,1,8,0.812713858269,42,1039.0252136,-22,2002
57,0,4,0.208069835087,25,321.367990655,11,2002
58,0,5,1.0,30,484.685059156,-9,2002
59,13,3,0.938161010197,27,287.354911422,0,2002
60,0,28,0.437913705692,148,192.295413127,276,2002
61,23,4,0.527663939589,55,503.307528919,-50,2002
62,33,4,0.899818841456,29,357.506996875,-3,2002
63,0,20,0.99983330161,55,561.208433835,35,2002
64,0,2,1.0,21,413.424714574,4,2002
65,0,4,1.0,31,906.265437449,23,2002
66,34,5,1.0,24,65.5411316309,2,2002
67,0,2,0.933505209677,43,501.96729746,11,2002
68,0,6,0.176480207659,70,585.675019541,-784,2002
69,9,4,0.242928781861,105,203.927418393,-119,2002
70,0,2,0.140790083676,64,441.954027792,-786,2002
71,23,2,0.859586318136,21,681.519577582,1,2002
72,21,8,0.964706259622,41,49.5621336764,-1,2002
73,0,14,0.271414861996,90,934.580680851,-289,2002
74,23,5,1.0,17,833.256114905,5,2002
75,31,3,0.689974481128,15,255.790446626,0,2002
76,0,2,0.425686533036,33,219.231190754,-2,2002
77,32,2,0.581479457971,30,76.5270699941,1,2002
78,0,9,0.278100813637,79,676.942354785,-782,2002
79,36,4,0.941958090833,29,42.0458898249,1,2002
80,0,4,0.476034747745,36,955.654431498,-23,2002
81,4,4,0.647944163233,118,320.427870975,-116,2002
82,24,2,0.983276896043,36,69.4038914848,-4,2002
83,0,7,0.812550207004,24,151.218230875,-2,2002
84,0,4,0.403900023264,34,838.066432001,-14,2002
85,0,2,0.172227751713,35,473.408030543,-786,2002
86,22,2,0.915725023412,23,714.010966412,5,2002
87,0,2,0.41412954812,79,258.778254645,-786,2002
88,29,6,0.57925117546,26,317.273623716,6,2002
89,23,2,0.667782035038,30,1298.14110097,-48,2002
90,15,2,1.0,19,493.766041131,0,2002
91,15,21,0.666650450414,39,966.649240406,-32,2002
92,1,5,0.610480811859,109,1415.83240349,-466,2002
93,0,22,0.663317789134,152,1250.57864056,-763,2002
94,22,3,1.0,26,346.835731854,1,2002
95,4,3,1.0,36,267.648325685,2,2002
96,23,2,0.535020503222,19,196.550999844,-7,2002
97,0,47,1.0,28,0.0,13,2002
98,14,13,0.847785252469,38,187.418497272,1,2002
99,27,16,0.420148590469,25,59.9766650803,4,2002
100,0,3,0.413783636458,123,834.691788947,-287,2002
101,15,4,0.340794994453,30,19.6542615756,-7,2002
102,0,12,0.251046113471,28,296.144448864,4,2002
103,0,21,0.645871607615,114,1165.12175632,-774,2002
104,0,23,0.859537177201,128,1462.06877921,-284,2002
105,23,2,0.90010267374,29,292.935696696,0,2002
106,35,5,0.91993990685,51,611.355599977,-29,2002
107,0,2,1.0,77,1706.71936636,-129,2002
108,0,6,0.786400378279,103,922.619677793,-127,2002
109,0,5,0.280742074421,99,1111.73588562,-785,2002
110,9,2,0.828239182595,127,337.184158173,-118,2002
111,23,6,0.999980557096,62,234.7927007,51,2002
112,23,2,0.648331114518,43,1335.14544618,-51,2002
113,37,3,1.0,19,0.0,1,2002
114,0,8,1.0,128,590.204649336,-126,2002
115,23,4,0.598687660112,21,0.0,2,2002
116,1,3,0.406080153726,30,273.075508698,-23,2002
117,0,2,0.360899187389,20,66.7685756113,-4,2002
118,0,2,0.653013272058,26,335.900499497,1,2002
119,23,2,0.88165554024,18,113.352036664,0,2002
120,0,2,0.4709059794,80,501.105528246,-291,2002
121,0,5,0.157487630806,83,713.394653419,-782,2002
122,0,6,0.879174240614,29,177.440636135,4,2002
123,0,18,0.917848981774,63,813.266573146,-279,2002
124,0,4,0.931044279233,80,2365.97482133,-785,2002
125,1,4,0.262084623759,117,807.140697394,-468,2002
126,10,5,0.964948886295,33,549.840023348,-6,2002
127,22,2,0.924853351225,18,66.0518464009,0,2002
128,12,3,1.0,25,259.668071388,1,2002
129,0,9,0.162302343895,63,373.185430592,-784,2002
130,4,2,0.898914675105,27,414.761616567,-3,2002
131,0,2,0.1197558149,30,550.028659469,11,2002
132,23,2,1.0,40,695.118762127,-39,2002
133,0,8,0.866207661553,28,198.419808035,0,2002
134,15,4,1.0,44,536.350500981,8,2002
135,11,3,1.0,12,0.0,0,2002
136,0,3,0.216379700352,122,1253.88678279,-290,2002
137,0,5,0.494330541495,46,782.410505686,15,2002
138,0,2,0.915895755574,19,328.22801673,-1,2002
139,23,4,1.0,33,1174.90803777,39,2002
140,0,4,0.847968186482,65,600.58421346,-43,2002
141,25,5,1.0,33,444.381229797,-2,2002
142,0,4,0.473553588545,23,146.458806242,-7,2002
143,15,2,0.918236235327,63,571.386388653,-39,2002
144,0,4,0.996499934791,35,512.847809136,-16,2002
145,25,2,0.985000824538,30,428.69951879,-1,2002
146,22,6,0.734867087106,27,359.496905293,-5,2002
147,0,5,0.991334695214,89,1933.37860869,-117,2002
148,35,5,0.741706752305,54,114.531957584,-30,2002
149,0,3,0.223622789156,97,834.958876378,-784,2002
150,0,3,0.23539170198,84,732.983087143,-785,2002
151,0,2,0.6382519394,45,611.195038322,-23,2002
152,0,2,0.395327102701,30,217.673281454,-1,2002
153,18,7,0.972934875742,26,179.274762153,1,2002
154,23,5,0.964947183619,30,204.230845973,0,2002
155,0,4,0.353740372681,19,136.912107041,5,2002
156,0,2,0.401295722792,25,540.573046833,10,2002
157,1,13,0.394176807917,58,228.62802618,-465,2002
158,3,7,0.997488808112,44,377.371461361,7,2002
159,8,5,1.0,31,465.069055702,-4,2002
160,0,4,0.970538225958,21,561.447634154,0,2002
161,17,2,0.740295908005,18,572.967949421,-3,2002
162,0,4,1.0,26,307.102382363,1,2002
163,25,3,1.0,27,399.561371291,0,2002
164,0,2,0.63139641705,107,761.915954165,128,2002
165,23,2,0.522110585884,19,135.479371512,0,2002
166,31,2,0.871772185444,25,532.943995755,1,2002
167,4,2,1.0,50,835.09579086,-117,2002
168,1,2,0.544945937168,23,396.158296203,1,2002
169,0,2,0.13994186132,66,615.682113635,-786,2002
170,0,9,1.0,26,321.200984964,4,2002
171,4,3,1.0,134,1389.55489881,-116,2002
172,0,2,1.0,97,690.31025767,-291,2002
173,0,3,0.236993698923,25,290.842883878,0,2002
174,23,2,0.402659391302,62,151.509670792,-51,2002
175,0,5,0.312020199558,34,799.624857822,-785,2002
176,25,2,0.87363351534,25,280.470528029,0,2002
177,2,2,0.766380607258,18,185.580585476,-1,2002
178,0,2,0.171838257201,23,279.512604736,0,2002
179,8,2,0.338475323123,24,243.849968094,-2,2002
180,9,2,0.960406040736,26,406.497287531,1,2002
181,0,2,0.401978801155,36,176.178064348,-3,2002
182,1,2,0.670657204946,61,457.022277158,-45,2002
183,0,2,0.99596979177,39,867.229008696,0,2002
184,38,8,0.887823497618,24,134.588222173,-3,2002
185,0,2,0.481696086835,101,483.990343481,-128,2002
186,0,3,0.140353050017,80,649.128033664,-785,2002
187,23,2,0.809146933567,53,1023.29468581,-51,2002
188,4,2,0.933799869612,18,168.415626683,0,2002
189,9,2,0.81324348732,28,841.068619671,-119,2002
190,23,2,0.875556493039,25,475.732586644,1,2002
191,14,4,0.499066740012,75,473.576575107,-55,2002
192,0,3,0.233626558578,27,91.8234837703,8,2002
193,23,3,1.0,37,296.210300076,0,2002
194,1,2,0.79543410613,18,466.84964214,-24,2002
195,23,2,0.255075647654,64,578.375640055,51,2002
196,36,2,0.366239914628,29,139.932363898,-5,2002
197,23,2,1.0,18,160.373518594,0,2002
