ind,node_id,xx,yy,time,cluster_id,chain_id,in_size,out_size,neig_size
0,0,176006.688253,2505637.82433,4.0,-1,,0,0,0
1,1,180994.675081,2502434.17714,16.0,-1,,0,0,1
2,2,181113.954701,2502440.28419,16.0,-1,,0,0,1
3,3,176116.282577,2506621.7453,37.0,-1,,0,0,1
4,4,176116.282577,2506621.7453,38.0,-1,,0,0,1
5,5,175982.958418,2506468.46598,83.0,-1,,0,0,3
6,6,175982.958418,2506468.46598,83.0,-1,,0,0,3
7,7,175982.958418,2506468.46598,83.0,-1,,0,0,3
8,8,175931.613691,2506477.57366,94.0,-1,,0,0,3
9,9,182221.722302,2501176.2843,103.0,-1,,0,0,0
10,10,176199.602465,2504293.65563,122.0,-1,,0,36,3
11,11,176284.795353,2504267.77552,125.0,-1,,0,36,5
12,12,176179.661003,2504208.48463,128.0,-1,,0,32,11
13,13,176284.795353,2504267.77552,129.0,-1,,0,27,18
14,14,180431.90822,2508439.71167,131.0,-1,,0,0,0
15,15,176179.661003,2504208.48463,135.0,0,-1.0,1,14,34
16,16,176199.602465,2504293.65563,136.0,0,-1.0,1,12,35
17,17,176310.912797,2504141.40999,137.0,0,-1.0,2,11,37
18,18,176284.795353,2504267.77552,137.0,0,-1.0,2,11,36
19,19,176179.661003,2504208.48463,137.0,0,-1.0,2,11,37
20,20,176199.602465,2504293.65563,138.0,0,-1.0,2,10,37
21,21,176327.780551,2504228.81067,138.0,0,-1.0,2,10,37
22,22,176199.602465,2504293.65563,139.0,0,-1.0,2,9,38
23,23,176314.045877,2504365.08283,140.0,0,-1.0,3,6,37
24,24,176284.795353,2504267.77552,140.0,0,-1.0,3,8,38
25,25,176199.602465,2504293.65563,140.0,0,-1.0,3,8,38
26,26,176310.912797,2504141.40999,140.0,0,-1.0,3,8,39
27,27,176327.780551,2504228.81067,140.0,0,-1.0,3,8,38
28,28,176211.157572,2504131.92443,140.0,0,-1.0,3,8,39
29,29,176334.016261,2504029.4548,140.0,0,-1.0,3,8,39
30,30,176327.780551,2504228.81067,141.0,0,-1.0,4,8,37
31,31,177647.32909,2504163.82366,141.0,-1,,0,4,3
32,32,176179.661003,2504208.48463,141.0,0,-1.0,4,8,38
33,33,176310.912797,2504141.40999,141.0,0,-1.0,4,8,38
34,34,176179.661003,2504208.48463,141.0,0,-1.0,4,8,38
35,35,176334.016261,2504029.4548,142.0,0,-1.0,4,8,38
36,36,176179.661003,2504208.48463,142.0,0,-1.0,4,8,38
37,37,176211.157572,2504131.92443,142.0,0,-1.0,4,8,38
38,38,176284.795353,2504267.77552,142.0,0,-1.0,4,8,37
39,39,176284.795353,2504267.77552,142.0,0,-1.0,4,8,37
40,40,176337.568218,2503913.16431,142.0,0,-1.0,4,6,38
41,41,176310.912797,2504141.40999,143.0,0,-1.0,4,8,39
42,42,177647.32909,2504163.82366,143.0,-1,,0,4,4
43,43,175951.571455,2503806.50536,143.0,0,-1.0,1,4,20
44,44,180367.393307,2505105.74506,144.0,-1,,0,2,0
45,45,177647.32909,2504163.82366,144.0,-1,,0,3,5
46,46,176436.839825,2504035.60432,144.0,0,-1.0,4,9,38
47,47,176035.86676,2504232.43376,144.0,0,-1.0,4,10,39
48,48,176310.912797,2504141.40999,144.0,0,-1.0,4,10,39
49,49,176284.795353,2504267.77552,145.0,0,-1.0,4,7,41
50,50,176284.795353,2504267.77552,146.0,0,-1.0,4,6,42
51,51,176284.795353,2504267.77552,147.0,0,-1.0,5,6,41
52,52,176284.795353,2504267.77552,147.0,0,-1.0,5,6,41
53,53,180635.64915,2505782.22896,148.0,-1,,0,8,2
54,54,180635.64915,2505782.22896,148.0,-1,,0,8,2
55,55,176145.193314,2504308.31394,148.0,0,-1.0,6,4,42
56,56,176310.912797,2504141.40999,148.0,0,-1.0,6,4,43
57,57,177104.699845,2503972.61051,148.0,-1,,0,3,1
58,58,178879.383024,2503850.20127,149.0,-1,,0,2,0
59,59,176334.016261,2504029.4548,149.0,0,-1.0,9,5,40
60,60,176327.780551,2504228.81067,150.0,0,-1.0,10,6,37
61,61,180635.64915,2505782.22896,150.0,-1,,0,7,3
62,62,176128.600242,2503852.15916,151.0,0,-1.0,11,3,34
63,63,175618.491176,2506126.95044,151.0,-1,,0,3,6
64,64,180279.044165,2501730.92685,151.0,-1,,0,0,0
65,65,177647.32909,2504163.82366,152.0,-1,,0,3,7
66,66,182212.831808,2505436.30476,153.0,-1,,0,2,4
67,67,176753.831154,2504545.68631,153.0,-1,,1,2,3
68,68,175705.039675,2506170.82438,153.0,-1,,0,3,7
69,69,177647.32909,2504163.82366,153.0,1,9.0,1,5,6
70,70,176128.600242,2503852.15916,154.0,-1,,26,5,18
71,71,178563.473442,2505540.39879,154.0,-1,,0,8,4
72,72,179231.099729,2504329.16454,154.0,-1,,0,11,3
73,73,181701.058414,2514410.42003,154.0,-1,,0,0,3
74,74,179859.669515,2502422.72373,155.0,-1,,0,0,1
75,75,177243.705783,2504021.78031,155.0,1,9.0,2,3,5
76,76,179616.348331,2505621.89046,155.0,-1,,0,9,6
77,77,175618.491176,2506126.95044,156.0,-1,,0,3,9
78,78,179978.992,2505807.36926,156.0,-1,,0,9,13
79,79,179616.348331,2505621.89046,156.0,-1,,0,8,7
80,80,178256.086167,2505745.59272,156.0,-1,,0,10,6
81,81,175824.553682,2503474.91056,156.0,-1,,1,2,4
82,82,175673.550189,2506247.38598,156.0,-1,,0,2,8
83,83,176128.600242,2503852.15916,156.0,-1,,30,6,13
84,84,176035.86676,2504232.43376,156.0,-1,,31,7,16
85,85,181570.573387,2505466.84915,156.0,-1,,0,12,10
86,86,176128.600242,2503852.15916,156.0,-1,,30,6,13
87,87,178530.870789,2500317.13775,156.0,-1,,0,0,0
88,88,176314.045877,2504365.08283,157.0,-1,,30,9,12
89,89,177875.643172,2505496.01091,157.0,-1,,0,7,2
90,90,181682.202067,2514557.78437,157.0,-1,,0,0,3
91,91,181990.565025,2505610.03899,157.0,-1,,0,8,11
92,92,181613.223687,2505580.71598,158.0,-1,,0,11,11
93,93,181613.223687,2505580.71598,158.0,-1,,0,11,11
94,94,182356.228409,2504161.10644,158.0,-1,,0,5,0
95,95,178629.277612,2504884.5333,158.0,-1,,0,2,0
96,96,181682.202067,2514557.78437,158.0,-1,,0,0,3
97,97,181990.565025,2505610.03899,159.0,-1,,0,6,13
98,98,176108.632877,2504400.4019,159.0,-1,,32,7,9
99,99,178145.255763,2505782.65616,159.0,-1,,0,7,8
100,100,175866.361617,2505738.16722,159.0,-1,,0,3,8
101,101,176314.045877,2504365.08283,159.0,-1,,33,8,10
102,102,181682.202067,2514557.78437,159.0,-1,,0,0,3
103,103,177519.126311,2512453.08218,159.0,-1,,0,0,0
104,104,181613.223687,2505580.71598,160.0,-1,,0,9,13
105,105,178090.415767,2504393.1735,160.0,1,9.0,3,20,2
106,106,178997.249828,2508201.58674,160.0,-1,,0,2,0
107,107,177289.941112,2505530.89821,160.0,-1,,0,0,0
108,108,180198.731802,2505760.9628,160.0,2,3.0,2,4,15
109,109,181911.887618,2504790.94678,160.0,-1,,0,4,1
110,110,179603.396222,2504594.32046,160.0,-1,,0,7,7
111,111,175618.491176,2506126.95044,161.0,-1,,0,3,9
112,112,178818.462016,2504233.63106,161.0,3,0.0,1,5,4
113,113,181054.0816,2506263.14424,161.0,-1,,0,2,1
114,114,178809.697557,2505663.27503,161.0,-1,,0,1,9
115,115,178373.821203,2505646.48543,161.0,-1,,0,4,9
116,116,178780.883383,2504331.25365,161.0,3,0.0,1,6,4
117,117,180080.353313,2505721.63874,161.0,-1,,0,5,19
118,118,181813.857484,2505627.43628,162.0,-1,,0,10,13
119,119,175982.958418,2506468.46598,162.0,-1,,0,2,6
120,120,179616.348331,2505621.89046,163.0,-1,,0,4,13
121,121,177524.457678,2504048.13205,163.0,1,9.0,4,29,5
122,122,179978.992,2505807.36926,163.0,-1,,0,6,19
123,123,181990.565025,2505610.03899,163.0,-1,,0,6,14
124,124,176905.909885,2504534.99265,164.0,-1,,0,4,2
125,125,180084.378891,2498045.43976,164.0,-1,,0,1,0
126,126,175682.100733,2506314.89398,164.0,4,-1.0,1,2,6
127,127,176108.632877,2504400.4019,164.0,-1,,34,5,7
128,128,179716.340076,2504567.22453,164.0,-1,,0,8,7
129,129,181122.465316,2504559.72166,165.0,-1,,0,4,22
130,130,181071.949908,2504526.72852,165.0,-1,,0,3,21
131,131,175631.523682,2506059.33747,165.0,4,-1.0,2,3,6
132,132,181973.78853,2503223.76705,165.0,-1,,0,1,0
133,133,182577.37615,2504660.65349,165.0,-1,,0,2,2
134,134,175969.692495,2505639.11077,165.0,-1,,0,2,3
135,135,180080.353313,2505721.63874,165.0,-1,,0,5,20
136,136,179726.884719,2502834.16166,166.0,-1,,0,0,1
137,137,180198.731802,2505760.9628,166.0,2,3.0,3,2,16
138,138,181540.601698,2505659.66321,166.0,-1,,0,10,15
139,139,180086.849298,2505343.99963,166.0,5,-1.0,1,2,18
140,140,178568.713027,2508639.88713,166.0,-1,,0,0,0
141,141,180086.849298,2505343.99963,166.0,5,-1.0,1,2,18
142,142,180198.731802,2505760.9628,166.0,2,3.0,3,2,16
143,143,178373.821203,2505646.48543,166.0,6,-1.0,1,7,10
144,144,176089.512575,2505548.83431,166.0,-1,,0,1,3
145,145,177782.792982,2502155.53781,166.0,-1,,0,1,0
146,146,182221.199323,2506396.34423,167.0,-1,,0,0,0
147,147,180884.147597,2505958.28085,167.0,2,3.0,3,4,4
148,148,179738.29057,2505541.59974,167.0,7,1.0,1,2,17
149,149,181540.601698,2505659.66321,167.0,-1,,0,10,15
150,150,175818.387997,2505807.05678,167.0,4,-1.0,2,4,7
151,151,179161.085869,2503415.91741,167.0,-1,,0,2,0
152,152,180198.731802,2505760.9628,167.0,2,3.0,3,1,17
153,153,178373.821203,2505646.48543,167.0,6,-1.0,1,7,10
154,154,181612.906742,2505509.84664,167.0,-1,,0,10,15
155,155,181122.465316,2504559.72166,168.0,-1,,0,2,24
156,156,180109.516596,2505580.87081,168.0,8,-1.0,3,4,20
157,157,179603.396222,2504594.32046,168.0,9,2.0,1,4,10
158,158,180792.986137,2506708.37487,168.0,-1,,0,5,0
159,159,180080.353313,2505721.63874,168.0,8,-1.0,3,4,19
160,160,181122.465316,2504559.72166,168.0,-1,,0,2,24
161,161,179716.340076,2504567.22453,168.0,-1,,0,6,10
162,162,181071.949908,2504526.72852,168.0,-1,,0,1,23
163,163,175996.190106,2503042.20717,168.0,10,-1.0,1,1,2
164,164,186433.648652,2503097.1846,168.0,-1,,0,0,1
165,165,177034.468974,2504549.88205,168.0,-1,,1,4,2
166,166,186433.648652,2503097.1846,168.0,-1,,0,0,1
167,167,179716.340076,2504567.22453,168.0,-1,,0,6,10
168,168,178373.821203,2505646.48543,168.0,6,-1.0,2,6,10
169,169,180137.243492,2508947.12161,168.0,-1,,0,0,0
170,170,181122.465316,2504559.72166,169.0,-1,,0,2,24
171,171,181122.465316,2504559.72166,169.0,-1,,0,2,24
172,172,182760.528933,2505171.44412,169.0,-1,,0,0,1
173,173,177406.531378,2504108.48868,169.0,11,9.0,6,23,5
174,174,178373.821203,2505646.48543,169.0,6,-1.0,2,7,10
175,175,179738.29057,2505541.59974,169.0,7,1.0,3,2,15
176,176,181122.465316,2504559.72166,169.0,-1,,0,2,24
177,177,181113.010032,2504514.36266,169.0,-1,,0,2,23
178,178,181122.465316,2504559.72166,169.0,-1,,0,2,24
179,179,181071.949908,2504526.72852,169.0,-1,,0,1,23
180,180,181813.857484,2505627.43628,169.0,12,3.0,3,7,16
181,181,181122.465316,2504559.72166,170.0,-1,,0,2,24
182,182,176433.148753,2504123.10394,170.0,-1,,18,4,7
183,183,181122.465316,2504559.72166,170.0,-1,,0,2,24
184,184,181612.906742,2505509.84664,170.0,12,3.0,4,9,15
185,185,182344.608189,2504090.28727,170.0,13,4.0,1,4,4
186,186,181122.465316,2504559.72166,170.0,-1,,0,2,24
187,187,179716.340076,2504567.22453,170.0,-1,,0,5,11
188,188,180080.353313,2505721.63874,170.0,8,-1.0,3,4,19
189,189,179074.376559,2504447.27041,170.0,9,2.0,1,3,8
190,190,179738.29057,2505541.59974,170.0,7,1.0,3,2,15
191,191,180651.894745,2505964.86936,170.0,2,3.0,3,2,7
192,192,176491.499816,2513039.3752,171.0,-1,,0,2,1
193,193,175992.416813,2504387.67523,171.0,-1,,14,1,5
194,194,182190.065248,2504474.11543,171.0,13,4.0,1,6,7
195,195,179041.077891,2504581.41538,171.0,9,2.0,1,5,8
196,196,178918.586267,2505429.11516,171.0,6,-1.0,1,5,5
197,197,181069.045929,2504794.72168,171.0,-1,,0,1,24
198,198,178682.663319,2505532.0909,171.0,6,-1.0,2,3,9
199,199,176274.35443,2504020.88321,171.0,-1,,19,1,7
200,200,184700.53147,2498285.32318,171.0,-1,,0,0,0
201,201,181254.080168,2505712.99447,171.0,12,3.0,3,10,11
202,202,179267.674892,2504458.55645,171.0,9,2.0,1,5,15
203,203,175991.697972,2503176.22009,171.0,10,-1.0,1,0,3
204,204,180314.983421,2505784.79442,171.0,2,3.0,4,2,16
205,205,181113.010032,2504514.36266,171.0,-1,,0,2,23
206,206,181122.465316,2504559.72166,171.0,-1,,0,2,24
207,207,179361.73889,2505239.91782,172.0,7,1.0,2,3,7
208,208,182352.768309,2504540.94364,172.0,13,4.0,1,7,6
209,209,176933.287524,2507467.16906,172.0,-1,,0,1,0
210,210,182344.608189,2504090.28727,172.0,13,4.0,1,4,4
211,211,178918.586267,2505429.11516,172.0,6,-1.0,1,5,6
212,212,179267.674892,2504458.55645,172.0,9,2.0,2,4,15
213,213,181122.465316,2504559.72166,173.0,-1,,0,1,25
214,214,179013.611604,2507741.95444,173.0,14,5.0,1,3,1
215,215,179013.611604,2507741.95444,173.0,14,5.0,1,3,1
216,216,181190.92747,2504697.833,174.0,-1,,0,2,24
217,217,181637.043374,2505850.80428,174.0,12,3.0,7,10,12
218,218,179049.214373,2504341.08053,174.0,9,2.0,3,6,6
219,219,177496.111622,2504140.17747,174.0,11,9.0,4,18,13
220,220,181071.949908,2504526.72852,174.0,-1,,0,0,24
221,221,179049.214373,2504341.08053,174.0,9,2.0,3,6,6
222,222,180080.353313,2505721.63874,175.0,8,-1.0,7,4,16
223,223,180585.279645,2505554.3418,175.0,2,3.0,4,5,8
224,224,181122.465316,2504559.72166,175.0,-1,,0,0,26
225,225,181071.949908,2504526.72852,175.0,-1,,0,0,24
226,226,180035.006493,2506368.54425,176.0,-1,,0,1,1
227,227,181262.160718,2504995.39137,176.0,-1,,0,3,19
228,228,177997.984419,2505502.07856,176.0,15,6.0,4,9,10
229,229,182857.927473,2505349.29998,176.0,-1,,0,0,1
230,230,182139.414172,2505568.40556,176.0,12,3.0,5,0,1
231,231,175992.416813,2504387.67523,176.0,16,-1.0,7,0,5
232,232,180508.92138,2505262.34614,176.0,-1,,0,5,3
233,233,176411.239795,2507472.99669,176.0,-1,,0,0,1
234,234,181711.001455,2504920.29542,176.0,17,7.0,1,5,6
235,235,176138.705228,2507433.33908,176.0,-1,,0,0,1
236,236,177997.984419,2505502.07856,177.0,15,6.0,4,9,10
237,237,176035.86676,2504232.43376,177.0,16,-1.0,10,0,6
238,238,176063.860509,2503005.33714,177.0,-1,,0,1,3
239,239,177244.564102,2507010.55552,177.0,-1,,0,3,0
240,240,177180.123956,2509445.96687,177.0,-1,,0,2,0
241,241,181254.080168,2505712.99447,177.0,12,3.0,4,10,12
242,242,181743.946992,2504701.99955,177.0,17,7.0,1,4,3
243,243,179600.149538,2504558.89991,177.0,9,2.0,3,3,11
244,244,181122.465316,2504559.72166,178.0,18,8.0,2,2,24
245,245,177876.895651,2503581.37484,178.0,-1,,0,12,18
246,246,177354.589074,2504426.54855,178.0,11,9.0,5,6,4
247,247,179267.674892,2504458.55645,178.0,9,2.0,3,8,14
248,248,180138.30958,2505808.8552,178.0,8,-1.0,9,2,11
249,249,179616.348331,2505621.89046,178.0,7,1.0,7,1,9
250,250,175400.702151,2505727.1436,179.0,-1,,5,1,1
251,251,181535.046235,2505566.67019,179.0,12,3.0,11,5,13
252,252,182099.96184,2504321.70034,179.0,13,4.0,1,5,6
253,253,176310.912797,2504141.40999,179.0,-1,,8,5,8
254,254,179685.264644,2504515.32148,179.0,9,2.0,3,4,13
255,255,182262.825572,2504656.50633,179.0,17,7.0,2,4,4
256,256,176415.472132,2503867.38752,179.0,-1,,3,0,4
257,257,181071.949908,2504526.72852,179.0,18,8.0,2,2,22
258,258,177997.984419,2505502.07856,179.0,15,6.0,6,7,10
259,259,177857.462611,2505781.79663,180.0,15,6.0,3,6,10
260,260,181535.046235,2505566.67019,180.0,12,3.0,11,5,13
261,261,179600.149538,2504558.89991,180.0,9,2.0,6,4,8
262,262,175848.466048,2506074.89424,180.0,19,-1.0,10,1,1
263,263,184132.53766,2515368.65294,180.0,-1,,0,0,0
264,264,177848.328471,2504063.21191,180.0,20,9.0,3,36,33
265,265,180792.986137,2506708.37487,180.0,21,12.0,1,4,4
266,266,176445.972631,2504652.36318,180.0,-1,,6,6,1
267,267,181535.046235,2505566.67019,180.0,12,3.0,11,5,13
268,268,177848.328471,2504063.21191,180.0,20,9.0,3,36,33
269,269,181686.156968,2505341.20122,180.0,12,3.0,11,7,10
270,270,180045.756192,2503999.85497,181.0,-1,,0,1,3
271,271,176491.499816,2513039.3752,181.0,-1,,0,3,1
272,272,175696.665311,2502965.03508,181.0,-1,,1,1,2
273,273,180645.437965,2507033.50001,181.0,21,12.0,1,1,3
274,274,184409.670379,2499282.06369,181.0,-1,,0,0,3
275,275,177953.282743,2504958.57366,181.0,-1,,0,3,0
276,276,177848.328471,2504063.21191,181.0,20,9.0,3,35,33
277,277,178643.543781,2505078.25501,181.0,22,-1.0,2,3,5
278,278,178007.790153,2504091.25224,181.0,20,9.0,2,33,33
279,279,177857.462611,2505781.79663,182.0,15,6.0,3,5,11
280,280,184409.670379,2499282.06369,182.0,-1,,0,0,3
281,281,184409.670379,2499282.06369,182.0,-1,,0,0,3
282,282,177876.713319,2503978.91858,182.0,20,9.0,3,32,36
283,283,175725.670697,2507032.25828,182.0,-1,,0,0,0
284,284,178491.573864,2504671.45565,182.0,22,-1.0,3,4,3
285,285,181528.657782,2505287.64518,182.0,-1,,10,9,9
286,286,178594.102135,2501971.23413,182.0,-1,,0,1,0
287,287,177972.389517,2507268.446,182.0,-1,,0,1,0
288,288,176709.684088,2504342.14252,182.0,-1,,5,6,3
289,289,178069.737837,2503930.39347,183.0,20,9.0,1,26,37
290,290,181407.398245,2531020.19022,183.0,-1,,0,2,2
291,291,175604.410809,2505556.72356,183.0,-1,,4,3,1
292,292,178895.137769,2503037.32654,183.0,-1,,1,1,0
293,293,177857.462611,2505781.79663,183.0,15,6.0,3,4,12
294,294,184216.131248,2501623.81717,183.0,-1,,0,1,0
295,295,184409.670379,2499282.06369,183.0,-1,,0,0,3
296,296,178007.790153,2504091.25224,183.0,20,9.0,2,31,37
297,297,181528.657782,2505287.64518,183.0,-1,,10,9,9
298,298,178816.235542,2505742.97466,183.0,-1,,8,5,1
299,299,177857.462611,2505781.79663,183.0,15,6.0,3,4,12
300,300,177848.328471,2504063.21191,183.0,20,9.0,3,33,37
301,301,180792.986137,2506708.37487,183.0,21,12.0,1,4,4
302,302,180130.446741,2504537.64367,183.0,9,2.0,4,2,3
303,303,177848.328471,2504063.21191,183.0,20,9.0,3,33,37
304,304,181455.045231,2504228.23624,183.0,18,8.0,16,6,7
305,305,180712.435513,2506396.46463,183.0,21,12.0,4,5,3
306,306,176179.661003,2504208.48463,183.0,-1,,10,1,4
307,307,181515.511854,2505794.873,183.0,-1,,11,8,14
308,308,179670.914717,2504300.55989,183.0,9,2.0,7,3,8
309,309,175641.420049,2506192.17373,183.0,19,-1.0,7,0,1
310,310,177848.328471,2504063.21191,183.0,20,9.0,3,33,37
311,311,181391.58994,2530928.34873,183.0,-1,,0,2,2
312,312,178007.790153,2504091.25224,184.0,20,9.0,2,30,38
313,313,178544.282109,2504292.49185,184.0,23,0.0,3,7,4
314,314,181932.147175,2504492.97846,184.0,17,7.0,3,5,7
315,315,177929.455727,2503828.06887,184.0,20,9.0,1,30,37
316,316,177998.731767,2504132.26725,184.0,20,9.0,2,30,38
317,317,177929.455727,2503828.06887,184.0,20,9.0,1,30,37
318,318,177848.328471,2504063.21191,184.0,20,9.0,3,32,38
319,319,178139.419478,2502350.97019,185.0,-1,,1,2,0
320,320,180035.006493,2506368.54425,185.0,-1,,0,3,1
321,321,181548.940249,2504307.54538,185.0,-1,,14,5,6
322,322,177774.437349,2503870.87948,185.0,20,9.0,2,32,39
323,323,177742.974308,2503956.29491,185.0,20,9.0,2,32,39
324,324,180906.744144,2500945.18479,185.0,-1,,0,7,1
325,325,178007.790153,2504091.25224,186.0,20,9.0,2,30,39
326,326,177848.328471,2504063.21191,186.0,20,9.0,4,31,39
327,327,178007.790153,2504091.25224,186.0,20,9.0,2,30,39
328,328,180291.435099,2505804.83422,186.0,-1,,12,3,3
329,329,178473.360334,2504073.56578,186.0,23,0.0,3,22,17
330,330,178469.083048,2504038.15023,186.0,23,0.0,2,22,17
331,331,179838.770853,2504367.33807,186.0,9,2.0,6,4,8
332,332,179738.29057,2505541.59974,187.0,24,1.0,14,5,3
333,333,177876.713319,2503978.91858,187.0,20,9.0,4,27,43
334,334,181261.543435,2502798.40322,187.0,-1,,0,4,2
335,335,177742.974308,2503956.29491,187.0,20,9.0,3,27,43
336,336,177876.713319,2503978.91858,188.0,20,9.0,3,25,45
337,337,180388.639994,2498244.48643,188.0,-1,,1,1,0
338,338,177876.713319,2503978.91858,188.0,20,9.0,3,25,45
339,339,181175.806448,2506134.14226,188.0,27,3.0,3,4,7
340,340,177524.457678,2504048.13205,188.0,20,9.0,3,22,45
341,341,178528.213802,2506572.626,189.0,-1,,0,0,1
342,342,176946.540708,2507874.61741,189.0,-1,,1,0,0
343,343,180792.986137,2506708.37487,189.0,21,12.0,1,4,6
344,344,180130.446741,2504537.64367,189.0,9,2.0,4,4,3
345,345,181535.046235,2505566.67019,189.0,-1,,10,4,11
346,346,177354.589074,2504426.54855,190.0,20,9.0,6,6,4
347,347,177621.821317,2503986.76626,190.0,20,9.0,4,22,49
348,348,166403.14705,2532643.88225,190.0,-1,,0,0,0
349,349,179678.138749,2505648.1828,190.0,24,1.0,12,4,1
350,350,177876.713319,2503978.91858,190.0,20,9.0,4,22,49
351,351,179049.214373,2504341.08053,190.0,25,2.0,7,3,5
352,352,177997.984419,2505502.07856,190.0,26,6.0,6,3,13
353,353,178007.790153,2504091.25224,190.0,20,9.0,1,21,49
354,354,177997.984419,2505502.07856,190.0,26,6.0,6,3,13
355,355,181473.546235,2505833.81849,190.0,27,3.0,8,5,15
356,356,182185.729831,2503263.79864,191.0,-1,,1,5,4
357,357,177848.328471,2504063.21191,191.0,20,9.0,3,18,54
358,358,179049.214373,2504341.08053,191.0,25,2.0,7,3,6
359,359,177827.019157,2504122.00261,191.0,20,9.0,2,18,54
360,360,177997.984419,2505502.07856,191.0,26,6.0,7,3,12
361,361,177997.984419,2505502.07856,191.0,26,6.0,7,3,12
362,362,177876.713319,2503978.91858,191.0,20,9.0,3,17,54
363,363,181175.806448,2506134.14226,191.0,27,3.0,3,4,8
364,364,182588.689135,2504195.51577,191.0,28,4.0,5,0,6
365,365,177389.365608,2505039.86317,191.0,-1,,0,2,0
366,366,177046.881079,2509517.4748,191.0,-1,,1,1,0
367,367,179072.045752,2505053.00728,191.0,29,1.0,4,1,2
368,368,179309.690874,2507764.9435,191.0,30,5.0,2,1,3
369,369,176709.684088,2504342.14252,192.0,-1,,4,8,3
370,370,178969.603873,2503798.8437,192.0,-1,,1,2,5
371,371,179670.914717,2504300.55989,192.0,-1,,10,3,5
372,372,177722.693146,2504015.08089,192.0,20,9.0,5,17,53
373,373,179181.140614,2505083.50784,192.0,29,1.0,3,1,1
374,374,177995.939865,2504194.29266,193.0,31,9.0,4,12,56
375,375,181708.19404,2506132.86207,193.0,27,3.0,1,4,7
376,376,178007.790153,2504091.25224,193.0,31,9.0,4,12,56
377,377,181708.19404,2506132.86207,193.0,27,3.0,1,4,7
378,378,178010.025451,2505658.16015,193.0,26,6.0,8,3,11
379,379,183048.668046,2521150.52205,193.0,-1,,0,0,0
380,380,178007.790153,2504091.25224,193.0,31,9.0,4,12,56
381,381,178609.618613,2504636.5761,193.0,-1,,2,3,6
382,382,181255.852694,2506107.20553,193.0,27,3.0,4,4,11
383,383,181391.58994,2530928.34873,193.0,-1,,0,0,4
384,384,181570.573387,2505466.84915,193.0,-1,,12,4,9
385,385,181658.080777,2502045.84363,194.0,-1,,0,1,0
386,386,179264.914186,2507416.3313,194.0,30,5.0,2,0,2
387,387,182517.867009,2504219.08235,194.0,28,4.0,5,0,5
388,388,180367.393307,2505105.74506,194.0,32,-1.0,2,1,8
389,389,177875.643172,2505496.01091,194.0,26,6.0,5,2,10
390,390,182190.065248,2504474.11543,194.0,-1,,6,0,8
391,391,177995.939865,2504194.29266,194.0,31,9.0,5,11,56
392,392,177353.780807,2507068.72638,194.0,33,10.0,1,2,3
393,393,181917.335205,2504629.24887,194.0,34,7.0,6,1,5
394,394,180230.304734,2505247.0043,195.0,32,-1.0,6,1,8
395,395,177554.979831,2506802.00326,195.0,33,10.0,1,2,2
396,396,187415.104168,2495979.61473,195.0,-1,,0,0,0
397,397,182080.794658,2503245.43892,195.0,-1,,0,5,4
398,398,180536.981306,2505103.86654,195.0,32,-1.0,2,1,5
399,399,181255.852694,2506107.20553,195.0,27,3.0,4,5,10
400,400,180530.71409,2503497.12084,195.0,-1,,0,2,0
401,401,182996.161641,2504056.41444,195.0,-1,,0,1,2
402,402,177995.939865,2504194.29266,195.0,31,9.0,10,9,55
403,403,181570.592668,2505011.72604,195.0,35,11.0,8,1,4
404,404,180771.940983,2500919.21681,195.0,-1,,0,5,6
405,405,177354.589074,2504426.54855,195.0,-1,,4,4,6
406,406,181293.606875,2505588.79288,195.0,-1,,11,5,6
407,407,181316.75571,2505021.72265,196.0,35,11.0,7,2,2
408,408,182080.794658,2503245.43892,196.0,-1,,0,5,5
409,409,177518.793602,2503937.4226,196.0,20,9.0,12,8,26
410,410,178879.611861,2501686.42227,196.0,-1,,1,2,0
411,411,179286.74158,2507913.43644,196.0,30,5.0,2,1,3
412,412,181535.046235,2505566.67019,196.0,-1,,12,4,6
413,413,177875.643172,2505496.01091,196.0,26,6.0,7,2,8
414,414,177750.542731,2505558.61386,196.0,26,6.0,7,2,8
415,415,178695.833575,2505711.42216,196.0,36,19.0,5,3,4
416,416,182588.689135,2504195.51577,196.0,28,4.0,4,0,6
417,417,184177.04183,2501140.07539,197.0,-1,,1,0,0
418,418,181120.88183,2502380.45598,197.0,-1,,0,7,3
419,419,181056.636545,2506373.8685,197.0,37,12.0,3,4,9
420,420,176824.74472,2504328.3034,197.0,38,13.0,3,6,6
421,421,178893.544884,2504243.24818,197.0,25,2.0,8,1,13
422,422,182185.729831,2503263.79864,197.0,-1,,0,5,5
423,423,178695.833575,2505711.42216,197.0,36,19.0,4,4,4
424,424,178007.790153,2504091.25224,197.0,31,9.0,17,10,49
425,425,185992.437897,2504767.79094,198.0,-1,,0,0,0
426,426,181120.88183,2502380.45598,198.0,-1,,0,6,5
427,427,182185.729831,2503263.79864,198.0,-1,,0,6,5
428,428,176149.504678,2512849.45224,198.0,39,-1.0,2,1,2
429,429,176183.084575,2512782.84695,198.0,39,-1.0,2,1,2
430,430,178007.790153,2504091.25224,198.0,-1,,22,10,44
431,431,180496.291031,2497038.09621,198.0,-1,,0,0,1
432,432,177857.462611,2505781.79663,198.0,40,6.0,7,2,9
433,433,177947.718582,2503777.04424,198.0,-1,,21,10,43
434,434,182367.769293,2500722.73349,198.0,-1,,0,0,1
435,435,177995.939865,2504194.29266,198.0,-1,,22,9,44
436,436,177518.793602,2503937.4226,198.0,20,9.0,14,8,23
437,437,177126.485888,2506818.43621,198.0,33,10.0,1,1,2
438,438,180315.526735,2505678.48551,198.0,-1,,6,6,3
439,439,182092.017872,2504847.72844,199.0,-1,,5,1,5
440,440,177995.939865,2504194.29266,199.0,-1,,24,7,44
441,441,177893.996531,2506336.41396,199.0,-1,,0,1,4
442,442,181713.87703,2504643.44397,199.0,34,7.0,5,2,5
443,443,177561.106077,2503972.65784,199.0,-1,,23,7,44
444,444,178227.830752,2506294.97777,199.0,-1,,0,1,5
445,445,178560.250331,2505510.51506,199.0,36,19.0,3,5,4
446,446,177455.183758,2522307.95998,199.0,-1,,0,0,0
447,447,178613.941963,2504681.95774,200.0,-1,,3,2,4
448,448,177995.939865,2504194.29266,200.0,-1,,27,7,41
449,449,178702.614836,2505843.16667,200.0,36,19.0,1,5,4
450,450,177524.457678,2504048.13205,200.0,-1,,26,6,40
451,451,180771.940983,2500919.21681,200.0,41,25.0,1,3,7
452,452,177421.574064,2507493.63327,200.0,-1,,0,2,3
453,453,177893.996531,2506336.41396,200.0,-1,,0,1,4
454,454,181453.10464,2506088.60211,200.0,-1,,4,6,9
455,455,180443.995158,2497525.56613,200.0,-1,,0,0,1
456,456,180837.78025,2506614.04661,200.0,37,12.0,4,6,4
457,457,180771.940983,2500919.21681,200.0,41,25.0,1,3,7
458,458,176927.398691,2504084.19258,200.0,38,13.0,1,6,3
459,459,177807.977792,2504661.37808,200.0,42,-1.0,1,1,3
460,460,176344.723918,2502623.04998,200.0,-1,,1,2,1
461,461,179756.816311,2506441.79853,200.0,43,-1.0,2,2,1
462,462,178544.282109,2504292.49185,200.0,44,0.0,4,0,7
463,463,178695.833575,2505711.42216,201.0,36,19.0,1,5,5
464,464,179953.392824,2507173.96933,201.0,-1,,0,3,1
465,465,181617.845493,2503855.43693,201.0,45,8.0,2,0,5
466,466,177995.939865,2504194.29266,201.0,-1,,27,6,42
467,467,176132.201181,2512882.7574,201.0,39,-1.0,1,1,2
468,468,177995.939865,2504194.29266,201.0,-1,,27,6,42
469,469,180771.940983,2500919.21681,201.0,41,25.0,1,2,8
470,470,181183.294088,2506427.55828,201.0,46,3.0,5,5,7
471,471,180617.863595,2510464.2321,201.0,-1,,0,0,2
472,472,181407.398245,2531020.19022,201.0,47,-1.0,2,0,2
473,473,180367.393307,2505105.74506,201.0,32,-1.0,2,3,8
474,474,178893.544884,2504243.24818,201.0,44,0.0,6,1,12
475,475,179084.369351,2504163.74001,201.0,25,2.0,3,1,9
476,476,177995.939865,2504194.29266,201.0,-1,,27,6,42
477,477,177807.977792,2504661.37808,201.0,42,-1.0,1,1,3
478,478,179305.818535,2504260.16284,201.0,25,2.0,7,1,8
479,479,178055.438723,2502418.91346,202.0,48,-1.0,1,1,1
480,480,178055.438723,2502418.91346,202.0,48,-1.0,1,1,1
481,481,177774.437349,2503870.87948,202.0,-1,,29,8,41
482,482,178104.026396,2503789.59744,202.0,-1,,29,8,33
483,483,189261.978687,2500597.51915,202.0,-1,,0,0,0
484,484,179204.688688,2507948.14479,202.0,-1,,0,1,2
485,485,179689.816841,2502597.3576,202.0,-1,,0,1,1
486,486,177995.939865,2504194.29266,202.0,-1,,30,6,39
487,487,177998.731767,2504132.26725,202.0,-1,,30,7,39
488,488,180363.663926,2504738.11932,202.0,-1,,2,4,6
489,489,179325.363744,2503595.65735,202.0,-1,,0,1,2
490,490,177830.660243,2506200.50695,202.0,40,6.0,4,1,6
491,491,179084.369351,2504163.74001,202.0,25,2.0,2,1,8
492,492,182399.433867,2504401.21094,202.0,49,4.0,3,1,5
493,493,177774.437349,2503870.87948,202.0,-1,,29,8,41
494,494,180906.744144,2500945.18479,202.0,41,25.0,1,1,8
495,495,181504.381952,2531137.13371,202.0,47,-1.0,2,0,2
496,496,182439.307127,2504119.76735,202.0,49,4.0,1,1,5
497,497,177827.019157,2504122.00261,203.0,-1,,31,9,38
498,498,175730.417929,2505470.84362,203.0,50,14.0,2,2,3
499,499,177944.705217,2504883.31338,203.0,42,-1.0,1,2,2
500,500,181048.303756,2503613.26722,203.0,-1,,0,4,4
501,501,181163.537667,2505006.90847,203.0,35,11.0,5,2,3
502,502,180771.940983,2500919.21681,203.0,41,25.0,1,1,9
503,503,179820.040311,2504317.59286,203.0,51,2.0,8,2,4
504,504,181700.888609,2505647.87285,204.0,-1,,10,6,8
505,505,182626.69176,2505122.20224,204.0,-1,,0,5,2
506,506,181604.677161,2504129.01213,204.0,45,8.0,3,3,4
507,507,177876.713319,2503978.91858,204.0,-1,,33,8,37
508,508,177561.106077,2503972.65784,204.0,-1,,33,5,35
509,509,177571.463314,2504206.26238,204.0,-1,,31,3,34
510,510,177876.713319,2503978.91858,204.0,-1,,33,8,37
511,511,180388.639994,2498244.48643,204.0,-1,,1,2,0
512,512,177142.091847,2509658.76352,204.0,-1,,2,0,0
513,513,175873.620385,2505327.29826,204.0,50,14.0,1,2,3
514,514,180636.072167,2499067.23341,204.0,-1,,0,4,1
515,515,176708.430485,2506010.94947,204.0,-1,,0,0,0
516,516,180024.019784,2505090.70185,204.0,-1,,0,3,6
517,517,181455.045231,2504228.23624,204.0,45,8.0,4,3,6
518,518,176582.148459,2504540.97244,204.0,38,13.0,4,3,6
519,519,180639.09038,2505407.92641,204.0,-1,,0,4,5
520,520,178219.705026,2503906.43468,204.0,-1,,32,8,29
521,521,181183.294088,2506427.55828,204.0,46,3.0,6,4,7
522,522,180409.661797,2509871.63312,205.0,-1,,0,0,0
523,523,176582.148459,2504540.97244,205.0,38,13.0,4,3,6
524,524,178579.161258,2503396.47455,205.0,-1,,1,1,2
525,525,181988.771405,2503819.45598,205.0,-1,,0,2,3
526,526,180657.073745,2510500.59686,205.0,-1,,0,0,2
527,527,178007.790153,2504091.25224,205.0,-1,,37,6,33
528,528,176582.148459,2504540.97244,205.0,38,13.0,4,3,6
529,529,179939.307771,2505221.758,205.0,-1,,1,2,6
530,530,177389.365608,2505039.86317,205.0,52,-1.0,1,0,1
531,531,179998.64818,2506733.03229,205.0,43,-1.0,1,3,3
532,532,180024.019784,2505090.70185,205.0,-1,,0,3,6
533,533,176564.350233,2504473.50856,205.0,38,13.0,5,3,6
534,534,178064.775226,2503968.06709,206.0,-1,,37,7,27
535,535,177500.994536,2507554.1614,206.0,-1,,0,0,3
536,536,182602.318689,2500752.70585,206.0,-1,,0,0,1
537,537,178064.775226,2503968.06709,206.0,-1,,37,7,27
538,538,177012.93959,2513160.89521,206.0,-1,,0,2,0
539,539,177995.939865,2504194.29266,206.0,-1,,38,6,32
540,540,177389.365608,2505039.86317,206.0,52,-1.0,1,0,1
541,541,178615.611431,2507680.68922,206.0,-1,,0,0,0
542,542,179592.932507,2504330.81723,206.0,51,2.0,5,1,4
543,543,176952.924475,2503832.69904,206.0,-1,,0,1,2
544,544,181700.888609,2505647.87285,206.0,53,15.0,12,5,6
545,545,177995.939865,2504194.29266,206.0,-1,,38,6,32
546,546,178773.581979,2504087.66838,207.0,44,0.0,6,2,7
547,547,182001.095968,2503354.31325,207.0,54,16.0,2,2,8
548,548,177621.821317,2503986.76626,207.0,-1,,37,3,34
549,549,175806.48042,2505683.08922,207.0,50,14.0,2,2,3
550,550,181309.396972,2522076.30467,207.0,-1,,0,0,0
551,551,180906.744144,2500945.18479,207.0,41,25.0,2,3,7
552,552,178853.302346,2503546.90602,207.0,-1,,1,1,2
553,553,179639.999509,2505847.68309,207.0,55,1.0,2,2,3
554,554,177655.922092,2507500.27338,207.0,-1,,1,0,3
555,555,180347.224672,2506093.60064,207.0,56,17.0,3,4,6
556,556,175887.508005,2503101.42332,208.0,-1,,1,0,3
557,557,181780.415983,2504812.57229,208.0,-1,,3,2,2
558,558,181408.720753,2505588.27609,208.0,53,15.0,8,2,5
559,559,181382.849736,2503486.63268,208.0,-1,,0,5,7
560,560,179499.10084,2498682.63034,208.0,-1,,0,1,3
561,561,179639.999509,2505847.68309,208.0,55,1.0,2,2,3
562,562,181690.840458,2498092.46315,208.0,-1,,0,1,0
563,563,181120.88183,2502380.45598,208.0,-1,,1,3,9
564,564,178544.282109,2504292.49185,208.0,44,0.0,5,2,6
565,565,181019.597588,2504314.35223,209.0,45,8.0,1,3,3
566,566,180901.179381,2502218.6649,209.0,57,18.0,1,3,8
567,567,181048.303756,2503613.26722,209.0,-1,,0,8,6
568,568,177350.202594,2508477.31552,209.0,-1,,0,0,0
569,569,181700.888609,2505647.87285,209.0,53,15.0,10,5,4
570,570,180901.179381,2502218.6649,209.0,57,18.0,1,3,8
571,571,177893.996531,2506336.41396,209.0,-1,,0,1,4
572,572,182134.13337,2505304.87867,209.0,-1,,0,4,1
573,573,178782.717527,2504283.62861,209.0,-1,,8,2,7
574,574,180617.863595,2510464.2321,210.0,-1,,0,0,2
575,575,177774.437349,2503870.87948,210.0,-1,,38,6,30
576,576,177597.648194,2504309.12322,210.0,-1,,36,3,27
577,577,176344.723918,2502623.04998,210.0,-1,,0,2,1
578,578,179499.10084,2498682.63034,210.0,-1,,0,1,3
579,579,181071.949908,2504526.72852,210.0,45,8.0,1,1,6
580,580,181652.095384,2502086.84233,210.0,-1,,1,0,1
581,581,181346.059855,2501471.41642,210.0,-1,,0,3,1
582,582,181249.013113,2503441.83178,211.0,-1,,0,7,7
583,583,181106.243255,2500954.25267,211.0,41,25.0,2,3,8
584,584,181973.78853,2503223.76705,211.0,54,16.0,5,3,4
585,585,182642.386069,2504951.60079,211.0,-1,,0,8,3
586,586,182311.19996,2514403.26689,211.0,-1,,0,0,0
587,587,175033.835418,2502593.9764,211.0,-1,,0,0,0
588,588,179592.609581,2499116.28269,211.0,-1,,0,2,3
589,589,180391.317115,2503360.44208,211.0,58,-1.0,1,1,1
590,590,178589.717,2501692.20043,211.0,-1,,1,0,0
591,591,181408.691114,2503977.07457,211.0,45,8.0,1,3,6
592,592,177857.462611,2505781.79663,211.0,-1,,9,1,2
593,593,179639.999509,2505847.68309,212.0,55,1.0,2,2,4
594,594,183120.138089,2503729.20374,212.0,-1,,1,1,0
595,595,179838.770853,2504367.33807,212.0,59,-1.0,3,2,3
596,596,182080.794658,2503245.43892,212.0,54,16.0,5,3,5
597,597,176117.552727,2503480.1376,212.0,-1,,0,0,2
598,598,177995.939865,2504194.29266,212.0,-1,,32,3,27
599,599,175942.215362,2502935.05375,212.0,-1,,0,0,1
600,600,180746.495445,2498700.20178,212.0,-1,,0,6,1
601,601,178702.614836,2505843.16667,212.0,60,19.0,4,5,3
602,602,180562.03582,2501336.53108,212.0,-1,,3,5,2
603,603,180007.871201,2504481.72873,213.0,59,-1.0,3,4,5
604,604,177522.966014,2507203.02177,213.0,61,10.0,3,0,3
605,605,178399.44245,2503214.59981,213.0,-1,,0,0,1
606,606,176922.154983,2504492.83517,213.0,62,13.0,5,3,9
607,607,180651.894745,2505964.86936,213.0,56,17.0,2,4,5
608,608,180073.092649,2502333.15922,213.0,-1,,0,4,4
609,609,178125.816334,2508641.96531,213.0,-1,,0,1,3
610,610,182172.628922,2503091.10987,213.0,54,16.0,5,2,5
611,611,178907.215359,2502096.01623,213.0,-1,,1,1,0
612,612,181464.849503,2502515.11694,213.0,57,18.0,3,3,3
613,613,181297.237148,2503421.68287,213.0,-1,,0,7,7
614,614,181110.93821,2501083.79163,213.0,41,25.0,4,2,6
615,615,181131.766733,2502286.28205,214.0,57,18.0,2,4,8
616,616,178388.967642,2505808.08949,214.0,60,19.0,10,3,2
617,617,178817.682409,2502739.80706,214.0,-1,,0,2,1
618,618,181183.294088,2506427.55828,214.0,63,12.0,9,0,5
619,619,175730.417929,2505470.84362,214.0,-1,,0,1,5
620,620,174699.161414,2505613.20102,214.0,-1,,0,0,0
621,621,179889.637334,2505597.38041,214.0,55,1.0,4,3,7
622,622,181082.741824,2503042.8248,214.0,-1,,1,4,4
623,623,179453.118267,2503211.92217,214.0,-1,,1,1,1
624,624,180821.625914,2502586.66539,214.0,57,18.0,3,4,7
625,625,176812.568888,2504361.58259,214.0,62,13.0,3,3,9
626,626,181973.78853,2503223.76705,214.0,54,16.0,5,2,6
627,627,180550.511884,2506046.16673,214.0,56,17.0,1,3,7
628,628,177651.464962,2515657.19749,215.0,-1,,0,0,0
629,629,182642.386069,2504951.60079,215.0,-1,,0,8,3
630,630,180401.786,2514673.2112,215.0,-1,,0,0,0
631,631,177410.235012,2504239.13998,215.0,64,-1.0,12,4,5
632,632,179111.849223,2501218.0415,215.0,-1,,0,0,0
633,633,180774.664817,2502431.84813,215.0,57,18.0,2,7,8
634,634,181189.471844,2503459.81701,215.0,-1,,1,7,6
635,635,177945.159066,2502359.63456,215.0,-1,,2,1,0
636,636,178563.473442,2505540.39879,215.0,60,19.0,5,4,4
637,637,180136.152205,2506011.51181,215.0,56,17.0,1,4,7
638,638,177886.568874,2505633.27252,216.0,-1,,9,2,1
639,639,182704.99698,2505165.04425,216.0,65,-1.0,1,6,5
640,640,180533.723677,2504839.22295,216.0,-1,,4,5,3
641,641,176833.699888,2504051.41939,216.0,62,13.0,3,3,6
642,642,180360.322537,2506712.5549,216.0,66,12.0,2,3,2
643,643,177410.235012,2504239.13998,216.0,64,-1.0,13,4,3
644,644,177929.455727,2503828.06887,216.0,67,20.0,35,5,15
645,645,180795.447669,2506117.03429,217.0,63,12.0,7,2,6
646,646,177752.30538,2503537.668,217.0,67,20.0,14,4,6
647,647,187123.923336,2495194.5988,217.0,-1,,0,0,0
648,648,180360.027042,2506196.52672,217.0,-1,,0,4,8
649,649,180961.613569,2506725.32995,217.0,66,12.0,4,0,3
650,650,179207.633625,2499028.35947,217.0,-1,,0,0,5
651,651,181555.451846,2505762.58083,217.0,-1,,10,1,9
652,652,178125.816334,2508641.96531,217.0,-1,,0,1,3
653,653,182434.289414,2499952.8337,217.0,-1,,0,0,1
654,654,176800.414304,2504399.29115,218.0,62,13.0,7,2,6
655,655,179953.392824,2507173.96933,218.0,68,21.0,2,3,2
656,656,180489.248685,2502062.17754,218.0,-1,,0,5,8
657,657,179048.030951,2504750.80924,218.0,69,-1.0,5,0,3
658,658,181293.14856,2505944.25641,218.0,70,-1.0,11,1,7
659,659,180600.008144,2503589.82432,218.0,58,-1.0,2,3,3
660,660,185340.047133,2498995.74065,218.0,-1,,0,0,0
661,661,179204.688688,2507948.14479,218.0,-1,,3,1,0
662,662,180911.045043,2502126.7101,219.0,57,18.0,2,5,8
663,663,181030.747125,2505191.32783,219.0,71,11.0,4,4,2
664,664,180387.025586,2498341.94048,219.0,72,-1.0,1,2,1
665,665,178219.705026,2503906.43468,219.0,-1,,28,3,9
666,666,182811.584251,2501347.53976,219.0,-1,,0,0,0
667,667,176117.552727,2503480.1376,219.0,-1,,0,2,2
668,668,181662.748182,2499403.68705,219.0,-1,,0,1,1
669,669,176833.699888,2504051.41939,220.0,62,13.0,3,3,5
670,670,180387.025586,2498341.94048,220.0,72,-1.0,1,2,1
671,671,181038.394068,2504379.60147,220.0,-1,,1,3,4
672,672,180265.594048,2501938.06326,220.0,-1,,0,2,5
673,673,177510.974702,2513979.08301,220.0,-1,,0,0,0
674,674,178125.816334,2508641.96531,220.0,-1,,0,0,4
675,675,179241.867091,2505323.524,220.0,-1,,0,0,5
676,676,181446.075435,2515728.22602,220.0,-1,,0,0,0
677,677,180088.019452,2501999.77729,220.0,-1,,0,1,5
678,678,179939.093179,2506072.21103,220.0,-1,,4,1,6
679,679,177353.780807,2507068.72638,220.0,61,10.0,4,0,1
680,680,181519.192971,2499262.58698,220.0,-1,,0,0,2
681,681,177909.565971,2508111.44828,220.0,-1,,0,0,0
682,682,177774.437349,2503870.87948,220.0,-1,,35,7,10
683,683,175828.17367,2505493.6239,221.0,73,14.0,3,2,2
684,684,181106.243255,2500954.25267,221.0,-1,,7,5,3
685,685,178266.080165,2501298.38583,221.0,-1,,0,0,0
686,686,181267.831807,2503054.17354,221.0,-1,,1,5,5
687,687,181708.19404,2506132.86207,221.0,70,-1.0,5,0,4
688,688,180782.284687,2504571.22327,221.0,74,11.0,2,5,4
689,689,180916.691684,2504061.23215,221.0,-1,,3,1,5
690,690,178419.586116,2508614.00864,221.0,-1,,0,1,4
691,691,176423.892469,2502411.1629,222.0,75,-1.0,2,1,1
692,692,181685.941087,2504372.26694,222.0,76,8.0,4,2,3
693,693,177774.437349,2503870.87948,222.0,-1,,33,6,9
694,694,178219.705026,2503906.43468,222.0,-1,,25,2,9
695,695,177811.239075,2504699.01303,222.0,-1,,4,1,0
696,696,181690.840458,2498092.46315,222.0,-1,,1,0,0
697,697,185163.92775,2503058.21599,222.0,-1,,0,0,0
698,698,182088.49149,2503358.35465,223.0,77,16.0,6,3,4
699,699,176592.652184,2512711.1043,223.0,-1,,3,0,0
700,700,180645.437965,2507033.50001,223.0,66,12.0,1,0,2
701,701,183561.584287,2496718.89622,223.0,-1,,0,0,0
702,702,176582.148459,2504540.97244,223.0,-1,,5,2,4
703,703,181030.747125,2505191.32783,223.0,71,11.0,3,5,2
704,704,182470.895207,2500093.30545,224.0,-1,,0,0,1
705,705,178881.714649,2505015.13347,224.0,69,-1.0,1,4,7
706,706,180609.493213,2499101.68149,224.0,78,22.0,2,4,4
707,707,180875.637534,2498834.71577,224.0,78,22.0,2,4,4
708,708,178219.705026,2503906.43468,224.0,-1,,25,3,8
709,709,180213.585891,2505862.77202,224.0,-1,,2,2,9
710,710,179314.916079,2502891.42603,224.0,-1,,1,0,3
711,711,175828.17367,2505493.6239,224.0,73,14.0,3,3,3
712,712,183543.368949,2496074.50321,224.0,-1,,0,0,0
713,713,212039.738256,2546041.91648,224.0,-1,,0,0,0
714,714,181925.212372,2500157.73065,224.0,-1,,0,0,0
715,715,179928.995098,2504765.57349,224.0,-1,,6,3,3
716,716,180609.493213,2499101.68149,224.0,78,22.0,2,4,4
717,717,178791.090477,2505419.74206,224.0,79,19.0,5,2,8
718,718,177984.27594,2503681.63907,224.0,-1,,16,5,8
719,719,176694.215235,2502399.90015,225.0,75,-1.0,2,1,1
720,720,188455.949582,2499837.78133,225.0,-1,,0,0,0
721,721,181685.941087,2504372.26694,225.0,76,8.0,5,4,2
722,722,179264.914186,2507416.3313,225.0,-1,,0,0,3
723,723,185733.060877,2495855.89652,225.0,-1,,0,0,0
724,724,183733.629659,2504634.5614,225.0,-1,,0,0,0
725,725,178985.318846,2502533.06004,225.0,-1,,1,1,3
726,726,182070.389505,2504143.54778,225.0,-1,,4,4,2
727,727,180815.987592,2506340.62768,225.0,66,12.0,4,1,6
728,728,179176.685707,2505009.33532,225.0,-1,,0,3,4
729,729,180466.941627,2505297.97239,225.0,74,11.0,5,3,4
730,730,178227.830752,2506294.97777,225.0,-1,,5,0,0
731,731,180157.297453,2502086.94221,225.0,80,23.0,1,4,5
732,732,181973.78853,2503223.76705,225.0,77,16.0,5,2,3
733,733,182228.633935,2505291.17135,225.0,-1,,3,1,6
734,734,179953.392824,2507173.96933,225.0,68,21.0,2,4,3
735,735,179264.914186,2507416.3313,225.0,-1,,0,0,3
736,736,180880.315489,2502379.32526,225.0,81,18.0,4,5,8
737,737,177424.462784,2501819.48677,226.0,-1,,0,0,0
738,738,179092.501628,2499258.11348,226.0,-1,,0,0,1
739,739,179603.396222,2504594.32046,226.0,-1,,5,1,1
740,740,179852.887312,2506100.29034,226.0,-1,,5,1,3
741,741,180013.0399,2507182.55491,226.0,68,21.0,2,4,3
742,742,178695.833575,2505711.42216,226.0,79,19.0,5,1,5
743,743,178933.455699,2503098.05332,226.0,-1,,3,0,1
744,744,180580.630451,2504982.96642,226.0,74,11.0,3,6,8
745,745,181708.19404,2506132.86207,226.0,70,-1.0,4,0,4
746,746,182704.99698,2505165.04425,227.0,65,-1.0,3,1,9
747,747,182704.99698,2505165.04425,227.0,65,-1.0,3,1,9
748,748,184708.061267,2505838.48867,227.0,-1,,0,0,0
749,749,176922.154983,2504492.83517,227.0,-1,,7,4,5
750,750,181708.19404,2506132.86207,227.0,70,-1.0,4,0,4
751,751,175837.957736,2506662.95858,228.0,-1,,0,1,5
752,752,181404.71847,2510646.71126,228.0,-1,,0,0,0
753,753,178798.697678,2505508.29558,228.0,79,19.0,3,1,6
754,754,178632.629462,2504060.64114,228.0,82,0.0,7,1,5
755,755,175837.957736,2506662.95858,228.0,-1,,0,1,5
756,756,181727.571269,2505408.56494,228.0,83,15.0,5,2,2
757,757,179584.594618,2498714.3508,228.0,-1,,3,0,1
758,758,179176.685707,2505009.33532,228.0,-1,,0,3,4
759,759,181408.720753,2505588.27609,228.0,83,15.0,4,2,3
760,760,182760.528933,2505171.44412,228.0,65,-1.0,4,1,7
761,761,175837.957736,2506662.95858,229.0,-1,,0,1,5
762,762,175876.258017,2506719.24866,229.0,-1,,0,1,5
763,763,178125.816334,2508641.96531,229.0,-1,,2,0,2
764,764,175876.258017,2506719.24866,229.0,-1,,0,1,5
765,765,176313.85858,2504966.38377,229.0,-1,,0,1,1
766,766,178869.518056,2509460.14868,229.0,-1,,0,0,1
767,767,180907.826486,2503691.41559,229.0,84,-1.0,5,0,8
768,768,178097.694953,2505285.67355,229.0,85,24.0,2,5,1
769,769,175876.258017,2506719.24866,229.0,-1,,0,1,5
770,770,180576.123361,2498998.849,230.0,78,22.0,2,4,5
771,771,179761.884824,2505307.83848,231.0,-1,,4,0,1
772,772,180383.244113,2508584.99785,231.0,-1,,0,1,1
773,773,181233.868546,2500984.68518,231.0,86,25.0,4,7,3
774,774,181519.192971,2499262.58698,231.0,-1,,1,0,1
775,775,178816.235542,2505742.97466,231.0,79,19.0,3,1,4
776,776,179618.71759,2501219.02671,231.0,-1,,0,0,0
777,777,180157.297453,2502086.94221,231.0,80,23.0,2,6,4
778,778,180765.739783,2502276.85899,231.0,81,18.0,8,1,6
779,779,180055.246768,2499098.66267,231.0,-1,,1,0,0
780,780,182760.528933,2505171.44412,232.0,65,-1.0,3,1,7
781,781,178702.134061,2502651.75603,232.0,-1,,1,1,1
782,782,181131.80249,2502751.37009,232.0,87,18.0,6,6,7
783,783,181233.123195,2503565.92679,232.0,88,-1.0,6,1,7
784,784,180391.317115,2503360.44208,232.0,-1,,2,0,0
785,785,180912.928037,2503910.64884,232.0,84,-1.0,4,1,4
786,786,176313.85858,2504966.38377,233.0,-1,,0,1,1
787,787,181287.529367,2503549.07213,233.0,88,-1.0,7,1,6
788,788,180265.594048,2501938.06326,233.0,-1,,4,6,3
789,789,177051.250869,2513009.00135,233.0,-1,,1,0,0
790,790,182352.09336,2496468.38218,233.0,-1,,0,0,0
791,791,178180.856047,2503732.76127,233.0,89,20.0,10,2,7
792,792,182782.269061,2505206.78384,233.0,65,-1.0,3,1,7
793,793,176786.698351,2513540.70311,233.0,-1,,1,0,0
794,794,181522.445124,2500681.08627,233.0,86,25.0,2,3,1
795,795,179158.194283,2507451.15401,233.0,-1,,1,0,2
796,796,181162.279236,2503127.73316,233.0,87,18.0,7,4,5
797,797,177891.715869,2513248.62395,234.0,-1,,0,0,0
798,798,180490.467917,2500971.42928,234.0,90,26.0,2,9,5
799,799,180672.511707,2501667.12917,234.0,90,26.0,3,4,2
800,800,180215.505883,2505157.3758,234.0,91,27.0,1,2,9
801,801,177208.413475,2510637.36336,234.0,-1,,0,0,1
802,802,177489.670331,2512524.09417,234.0,-1,,0,2,6
803,803,177806.829808,2502456.62642,234.0,-1,,1,1,0
804,804,182363.302382,2505063.56769,234.0,65,-1.0,4,1,8
805,805,178643.543781,2505078.25501,234.0,79,19.0,1,2,5
806,806,180355.948794,2505752.49437,234.0,92,17.0,6,1,7
807,807,180488.577327,2502593.71052,234.0,-1,,3,0,3
808,808,181367.586229,2501227.70277,234.0,86,25.0,4,5,2
809,809,178771.350904,2504050.02852,234.0,82,0.0,3,4,2
810,810,178899.127299,2509198.67226,235.0,-1,,0,0,2
811,811,179723.240399,2507409.78684,235.0,93,21.0,1,2,7
812,812,180387.864778,2498526.86402,235.0,-1,,3,0,0
813,813,182621.002863,2505230.74789,235.0,65,-1.0,4,0,8
814,814,181143.17941,2503452.27372,235.0,88,-1.0,7,2,7
815,815,175741.303155,2505807.43097,235.0,-1,,2,5,2
816,816,183016.13292,2504157.09592,235.0,-1,,1,1,2
817,817,180470.113916,2505995.59367,235.0,92,17.0,5,0,5
818,818,178677.219543,2505466.78193,235.0,79,19.0,3,2,7
819,819,177875.643172,2505496.01091,235.0,85,24.0,2,1,2
820,820,180852.152649,2499099.47805,235.0,78,22.0,1,3,6
821,821,177065.1441,2504084.64275,235.0,94,13.0,7,2,3
822,822,180641.319022,2501362.74839,236.0,90,26.0,1,2,4
823,823,180911.045043,2502126.7101,236.0,95,18.0,7,4,5
824,824,182661.302543,2505279.29392,236.0,65,-1.0,3,1,8
825,825,180178.400542,2501078.04668,236.0,90,26.0,1,3,5
826,826,180964.08295,2503629.14985,236.0,88,-1.0,6,2,6
827,827,181030.747125,2505191.32783,236.0,96,11.0,2,0,5
828,828,181973.78853,2503223.76705,236.0,-1,,5,1,3
829,829,177876.713319,2503978.91858,236.0,89,20.0,11,2,5
830,830,180527.743143,2508497.96558,236.0,-1,,0,1,2
831,831,181143.17941,2503452.27372,237.0,88,-1.0,5,2,7
832,832,179325.363744,2503595.65735,237.0,-1,,1,0,0
833,833,177459.866739,2512306.08336,237.0,-1,,0,1,7
834,834,180470.113916,2505995.59367,237.0,92,17.0,7,0,3
835,835,181435.573622,2504700.05656,237.0,97,8.0,3,2,2
836,836,181646.066172,2501426.88818,237.0,86,25.0,1,3,1
837,837,177519.126311,2512453.08218,237.0,-1,,0,1,7
838,838,180639.09038,2505407.92641,237.0,96,11.0,3,1,6
839,839,180639.09038,2505407.92641,238.0,96,11.0,4,1,5
840,840,182171.621304,2504023.50462,238.0,98,-1.0,1,1,3
841,841,181642.131342,2502157.75728,238.0,-1,,1,5,3
842,842,182076.508334,2503901.01039,238.0,98,-1.0,1,1,3
843,843,180363.663926,2504738.11932,238.0,91,27.0,5,2,5
844,844,182221.199323,2506396.34423,238.0,-1,,0,0,0
845,845,177065.1441,2504084.64275,239.0,94,13.0,8,0,4
846,846,180178.400542,2501078.04668,239.0,90,26.0,1,2,6
847,847,182018.108865,2503713.01979,239.0,-1,,5,1,4
848,848,180016.681783,2505957.7976,239.0,-1,,7,0,3
849,849,178771.350904,2504050.02852,239.0,-1,,0,4,2
850,850,182248.952841,2503844.87832,240.0,98,-1.0,1,1,3
851,851,180363.663926,2504738.11932,240.0,91,27.0,5,3,5
852,852,180070.170358,2507090.38238,240.0,93,21.0,4,0,5
853,853,184735.646701,2496628.59494,240.0,-1,,0,0,0
854,854,180496.291031,2497038.09621,240.0,-1,,0,0,0
855,855,180782.284687,2504571.22327,240.0,99,11.0,4,0,4
856,856,177549.331019,2512323.37592,240.0,-1,,0,2,7
857,857,177470.793648,2512227.40786,240.0,-1,,0,2,7
858,858,177998.731767,2504132.26725,240.0,-1,,7,2,5
859,859,180363.663926,2504738.11932,240.0,91,27.0,5,3,5
860,860,177302.662015,2503881.97232,240.0,-1,,6,1,7
861,861,184665.724171,2504107.88406,240.0,-1,,0,0,0
862,862,181255.234077,2502308.98169,240.0,95,18.0,5,5,10
863,863,180128.795001,2506650.49208,240.0,-1,,1,0,2
864,864,177124.508367,2512430.60125,241.0,-1,,0,2,7
865,865,180852.152649,2499099.47805,241.0,100,22.0,3,1,5
866,866,177912.404273,2503481.54502,241.0,-1,,5,0,3
867,867,188731.00275,2514067.13926,241.0,-1,,0,0,0
868,868,176076.94268,2503585.53342,241.0,101,-1.0,1,0,1
869,869,177627.52795,2503889.29136,241.0,102,-1.0,7,0,7
870,870,180386.065194,2504239.70672,241.0,-1,,0,1,4
871,871,180948.153632,2500551.88851,241.0,-1,,1,4,1
872,872,186313.275816,2503073.32338,241.0,-1,,0,0,0
873,873,177124.508367,2512430.60125,242.0,-1,,0,2,7
874,874,177283.668048,2502913.12023,242.0,-1,,0,0,0
875,875,181006.34272,2502285.73927,242.0,95,18.0,3,4,6
876,876,180968.256203,2502502.95211,242.0,95,18.0,3,2,8
877,877,179104.053109,2502199.19531,242.0,-1,,1,0,1
878,878,174668.085275,2528794.2711,242.0,-1,,0,0,0
879,879,180113.826751,2501121.52786,242.0,-1,,0,1,7
880,880,181372.444516,2505520.89013,242.0,103,15.0,6,1,2
881,881,175741.303155,2505807.43097,242.0,-1,,2,2,4
882,882,176199.602465,2504293.65563,243.0,-1,,1,0,1
883,883,181457.478053,2502705.61452,243.0,-1,,1,8,7
884,884,176352.111807,2502449.15833,243.0,-1,,2,0,0
885,885,187311.526131,2489491.09748,243.0,-1,,0,0,0
886,886,180519.799374,2508558.90662,243.0,-1,,1,1,1
887,887,179973.460446,2502577.23269,243.0,-1,,0,1,0
888,888,180070.170358,2507090.38238,243.0,93,21.0,4,0,5
889,889,182996.161641,2504056.41444,243.0,-1,,0,0,2
890,890,180113.826751,2501121.52786,244.0,-1,,0,1,7
891,891,180031.229918,2498116.55244,244.0,-1,,2,0,0
892,892,182437.707996,2503058.93182,244.0,-1,,2,0,2
893,893,177119.53266,2505144.13151,244.0,-1,,0,0,1
894,894,180852.152649,2499099.47805,244.0,100,22.0,4,0,5
895,895,178216.886682,2505277.36208,244.0,104,24.0,1,0,7
896,896,177208.413475,2510637.36336,244.0,-1,,0,0,1
897,897,181435.573622,2504700.05656,245.0,97,8.0,2,0,4
898,898,181482.796488,2503768.56006,245.0,-1,,2,0,2
899,899,177436.385096,2512337.20157,246.0,-1,,1,2,6
900,900,180773.076691,2501170.58053,246.0,105,26.0,3,2,6
901,901,182092.017872,2504847.72844,246.0,-1,,2,0,1
902,902,175983.747385,2503445.34838,246.0,101,-1.0,1,0,1
903,903,180773.076691,2501170.58053,246.0,105,26.0,3,2,6
904,904,182905.36941,2504448.8146,246.0,-1,,0,0,3
905,905,179276.311524,2508989.84298,246.0,-1,,0,0,1
906,906,179992.759494,2507690.92677,246.0,-1,,0,0,3
907,907,181629.152533,2502244.18863,246.0,-1,,0,5,6
908,908,178865.782849,2508658.43299,247.0,-1,,1,0,0
909,909,181124.45045,2504772.32499,247.0,99,11.0,3,0,6
910,910,175105.574406,2502548.22329,247.0,-1,,0,1,1
911,911,180146.054666,2500974.10292,247.0,106,26.0,1,0,7
912,912,177655.89265,2504235.76175,247.0,102,-1.0,3,0,6
913,913,180906.08057,2498972.99719,247.0,100,22.0,5,0,4
914,914,200220.687399,2540040.17441,247.0,-1,,0,0,0
915,915,179168.01681,2504913.03512,248.0,107,-1.0,3,0,3
916,916,183136.024976,2505247.3125,248.0,-1,,6,0,0
917,917,181616.317293,2502362.73255,248.0,-1,,0,5,7
918,918,180570.402677,2505446.99563,248.0,96,11.0,4,1,3
919,919,186837.240137,2503497.47906,248.0,-1,,0,0,0
920,920,180095.042997,2501060.70912,248.0,106,26.0,2,0,6
921,921,179816.795142,2507417.10835,248.0,93,21.0,3,0,4
922,922,178861.857481,2501848.17883,248.0,-1,,0,1,2
923,923,184103.585589,2514137.39187,249.0,-1,,0,0,0
924,924,180263.033769,2501827.33952,249.0,108,23.0,4,1,5
925,925,181120.88183,2502380.45598,249.0,95,18.0,4,1,7
926,926,179942.107696,2501791.15401,249.0,108,23.0,3,1,5
927,927,180262.806895,2501777.50963,249.0,108,23.0,4,1,4
928,928,181108.377878,2502800.19902,249.0,95,18.0,3,3,7
929,929,176833.699888,2504051.41939,249.0,109,13.0,2,1,3
930,930,179287.886402,2504828.32114,249.0,107,-1.0,4,0,2
931,931,184420.108473,2503401.33985,249.0,-1,,0,0,0
932,932,176883.924806,2504021.28048,250.0,109,13.0,2,1,3
933,933,175741.303155,2505807.43097,250.0,110,-1.0,2,0,5
934,934,181139.209672,2501197.7217,250.0,111,25.0,2,2,6
935,935,175818.387997,2505807.05678,250.0,110,-1.0,2,0,5
936,936,179886.032195,2507276.15553,250.0,93,21.0,3,0,4
937,937,178425.304623,2503469.17165,250.0,112,20.0,3,0,1
938,938,178924.126808,2505515.4636,250.0,-1,,5,0,0
939,939,178615.611431,2507680.68922,250.0,-1,,0,0,0
940,940,178749.495329,2504875.11395,250.0,113,19.0,4,0,2
941,941,180773.076691,2501170.58053,250.0,105,26.0,3,2,5
942,942,178522.087688,2505042.2792,250.0,113,19.0,5,0,4
943,943,178184.024047,2504845.64492,250.0,104,24.0,1,0,3
944,944,176950.28125,2504786.15257,250.0,-1,,2,1,1
945,945,180128.191588,2501791.41136,251.0,108,23.0,3,1,4
946,946,180897.158382,2503149.9674,251.0,114,18.0,5,1,2
947,947,176239.118929,2504601.31294,251.0,-1,,2,0,1
948,948,179806.791405,2500080.91189,251.0,-1,,0,0,0
949,949,180889.818235,2499015.14973,251.0,115,22.0,5,0,4
950,950,180095.042997,2501060.70912,251.0,106,26.0,3,0,5
951,951,181435.573622,2504700.05656,251.0,116,8.0,2,0,3
952,952,184353.595163,2521603.27615,251.0,-1,,0,0,0
953,953,177655.89265,2504235.76175,251.0,117,20.0,1,0,5
954,954,180660.439312,2500589.73017,251.0,105,26.0,1,0,4
955,955,181435.573622,2504700.05656,251.0,116,8.0,2,0,3
956,956,177655.89265,2504235.76175,252.0,117,20.0,3,0,3
957,957,175785.980148,2506329.89248,252.0,-1,,6,0,1
958,958,179564.789193,2501788.45505,252.0,-1,,0,0,1
959,959,175105.574406,2502548.22329,252.0,-1,,0,0,2
960,960,179953.254286,2504002.49285,252.0,-1,,0,0,2
961,961,181118.410009,2500229.99076,253.0,118,-1.0,1,1,3
962,962,175750.902875,2505879.36336,253.0,110,-1.0,1,0,6
963,963,181408.720753,2505588.27609,253.0,103,15.0,2,0,2
964,964,181065.057916,2500483.81383,253.0,118,-1.0,2,0,4
965,965,182436.973263,2503125.37611,253.0,-1,,1,0,1
966,966,180889.818235,2499015.14973,253.0,115,22.0,3,0,3
967,967,178425.304623,2503469.17165,253.0,112,20.0,1,0,1
968,968,181629.152533,2502244.18863,254.0,119,-1.0,2,2,7
969,969,179059.254583,2501405.4281,254.0,-1,,0,1,1
970,970,180634.474569,2500759.27247,254.0,105,26.0,2,0,5
971,971,181335.287821,2500214.62211,254.0,-1,,0,1,2
972,972,178256.086167,2505745.59272,254.0,-1,,2,0,1
973,973,175843.830431,2502573.42157,254.0,-1,,0,1,0
974,974,181373.773035,2502837.76444,255.0,95,18.0,3,3,3
975,975,179621.330793,2510049.1044,255.0,-1,,0,0,0
976,976,178184.024047,2504845.64492,255.0,104,24.0,1,0,3
977,977,181399.334764,2502577.42205,255.0,95,18.0,6,5,9
978,978,178753.673499,2504227.28845,255.0,120,0.0,3,0,3
979,979,179074.376559,2504447.27041,255.0,120,0.0,2,0,4
980,980,181971.753008,2504615.71853,255.0,-1,,0,0,1
981,981,180263.033769,2501827.33952,256.0,108,23.0,3,0,6
982,982,181064.727103,2500638.8444,256.0,118,-1.0,3,0,6
983,983,178214.828613,2502647.38882,256.0,-1,,2,0,0
984,984,179896.221906,2502322.89436,256.0,-1,,2,1,0
985,985,181569.047777,2500986.50663,256.0,111,25.0,4,0,4
986,986,181051.94594,2501225.79795,256.0,111,25.0,3,0,7
987,987,179775.073574,2504150.58813,257.0,-1,,0,1,1
988,988,180630.672751,2504004.94364,257.0,-1,,2,0,0
989,989,182598.823136,2504395.90181,257.0,-1,,1,3,1
990,990,180983.114835,2499639.27451,257.0,-1,,0,1,0
991,991,180333.303203,2505068.25013,258.0,121,27.0,6,0,3
992,992,180095.042997,2501060.70912,258.0,106,26.0,5,0,3
993,993,178482.116713,2504187.58302,258.0,120,0.0,3,0,2
994,994,175239.264709,2502767.9359,259.0,-1,,1,0,1
995,995,175741.303155,2505807.43097,259.0,110,-1.0,2,0,4
996,996,180639.573329,2502112.43425,259.0,122,18.0,4,0,4
997,997,177549.331019,2512323.37592,259.0,-1,,8,0,1
998,998,175741.303155,2505807.43097,259.0,110,-1.0,2,0,4
999,999,180897.158382,2503149.9674,259.0,114,18.0,5,1,2
1000,1000,182027.944227,2499210.49277,260.0,-1,,0,0,0
1001,1001,181711.062909,2502399.95968,260.0,119,-1.0,5,1,6
1002,1002,179007.358124,2506838.3748,260.0,-1,,0,0,0
1003,1003,181618.150813,2502312.89354,261.0,119,-1.0,5,1,6
1004,1004,181510.435381,2501674.43319,261.0,123,25.0,2,0,1
1005,1005,181481.620615,2501208.3674,261.0,123,25.0,2,0,6
1006,1006,178753.673499,2504227.28845,261.0,120,0.0,2,0,3
1007,1007,181239.417198,2502449.68646,262.0,-1,,10,1,9
1008,1008,181727.571269,2505408.56494,263.0,-1,,1,0,1
1009,1009,180768.184987,2501908.09935,263.0,122,18.0,2,0,2
1010,1010,181110.93821,2501083.79163,263.0,124,26.0,4,0,5
1011,1011,179939.816387,2504884.01127,263.0,121,27.0,3,0,3
1012,1012,180449.902114,2508554.79535,263.0,-1,,2,0,0
1013,1013,182402.861735,2503781.07864,264.0,-1,,4,1,3
1014,1014,180407.434689,2501930.77398,265.0,-1,,4,0,3
1015,1015,181110.93821,2501083.79163,265.0,124,26.0,4,0,5
1016,1016,180333.303203,2505068.25013,266.0,121,27.0,3,0,2
1017,1017,177436.385096,2512337.20157,267.0,-1,,5,0,1
1018,1018,181711.062909,2502399.95968,268.0,125,-1.0,5,1,4
1019,1019,175820.874907,2502927.88966,268.0,-1,,1,0,0
1020,1020,181711.062909,2502399.95968,269.0,125,-1.0,5,1,4
1021,1021,183737.831032,2500617.08701,270.0,-1,,0,0,0
1022,1022,181373.773035,2502837.76444,270.0,126,18.0,4,1,2
1023,1023,176592.652184,2512711.1043,271.0,-1,,0,0,0
1024,1024,182553.865902,2501190.32141,272.0,-1,,0,0,0
1025,1025,181373.773035,2502837.76444,272.0,126,18.0,3,0,3
1026,1026,182341.304521,2504273.01501,272.0,127,-1.0,1,0,4
1027,1027,176812.568888,2504361.58259,272.0,-1,,3,0,0
1028,1028,180928.190173,2500000.51793,273.0,-1,,3,0,0
1029,1029,180011.116948,2504517.14934,273.0,-1,,1,0,1
1030,1030,182344.608189,2504090.28727,274.0,127,-1.0,1,0,4
1031,1031,182307.313954,2503792.57451,274.0,-1,,0,0,4
1032,1032,180964.08295,2503629.14985,275.0,-1,,2,0,0
1033,1033,179039.224159,2501742.15719,275.0,-1,,2,2,0
1034,1034,179993.777576,2502523.98672,277.0,-1,,1,0,0
1035,1035,182344.608189,2504090.28727,277.0,127,-1.0,2,0,3
1036,1036,183539.126105,2503397.38843,278.0,-1,,0,0,0
1037,1037,181244.338495,2502400.94085,282.0,-1,,8,0,1
1038,1038,176101.680427,2513156.42761,282.0,-1,,0,0,0
1039,1039,179004.390259,2502211.83795,294.0,128,-1.0,1,0,1
1040,1040,178487.494298,2504238.49648,294.0,-1,,0,0,0
1041,1041,179004.390259,2502211.83795,301.0,128,-1.0,1,0,1
1042,1042,180801.02519,2502122.77741,315.0,-1,,0,0,0
1043,1043,181528.595216,2495838.63194,321.0,-1,,0,0,0
