ind,cluster_id,chain_id,cluster_size,in_count,out_count,ave_dist,time_length,year,month,week
0,0,0,4,0,1,0.0,10,2002,6,25
1,1,0,788,0,22,805.753849967,113,2002,8,32
2,2,1,471,0,6,645.130739811,121,2002,8,35
3,3,0,17,1,1,0.0,15,2002,7,27
4,4,0,3,0,1,217.945838081,6,2002,7,28
5,5,-1,4,0,0,192.628375993,5,2002,7,28
6,6,5,4,0,1,137.512860129,5,2002,7,28
7,7,2,3,0,1,0.0,6,2002,7,28
8,8,-1,2,0,0,0.0,0,2002,7,28
9,9,0,3,0,1,0.0,3,2002,7,28
10,10,3,2,0,1,44.5522759065,6,2002,7,29
11,11,0,2,0,1,228.858860495,10,2002,7,29
12,12,0,131,3,6,726.315320165,101,2002,9,38
13,13,4,119,0,4,541.848079642,125,2002,9,38
14,14,-1,9,0,0,158.709836222,32,2002,8,31
15,15,0,293,2,10,585.915983635,124,2002,10,41
16,16,5,12,1,1,240.913722458,12,2002,8,31
17,17,0,3,1,0,136.689533948,3,2002,7,30
18,18,-1,2,0,0,187.019106451,6,2002,7,31
19,21,0,21,2,0,317.388554865,12,2002,7,31
20,19,6,2,0,1,168.97930205,4,2002,7,31
21,20,0,6,1,0,237.585987194,12,2002,8,31
22,22,2,2,1,0,221.717152558,2,2002,7,31
23,23,0,2,1,0,139.444003665,0,2002,7,31
24,24,3,9,1,0,207.097933862,27,2002,8,33
25,25,0,86,0,2,658.653875097,82,2002,9,37
26,26,-1,2,0,0,141.967285655,1,2002,8,31
27,27,-1,2,0,0,119.190105368,0,2002,8,31
28,28,-1,3,0,0,269.365955329,4,2002,8,32
29,29,7,8,0,1,150.921831562,23,2002,8,34
30,30,8,9,0,2,164.814101702,23,2002,8,34
31,31,9,121,0,3,313.612789162,102,2002,9,40
32,32,-1,2,0,0,0.0,10,2002,8,33
33,33,0,3,0,1,187.927002809,6,2002,8,33
34,34,-1,2,0,0,0.0,4,2002,8,33
35,35,5,5,1,0,138.958998174,5,2002,8,33
36,36,1,6,1,0,126.69493241,11,2002,8,34
37,37,-1,2,0,0,68.5767940575,3,2002,8,33
38,38,-1,2,0,0,0.0,3,2002,8,33
39,39,10,10,0,1,305.667466175,24,2002,8,34
40,40,-1,2,0,0,32.0841976533,2,2002,8,33
41,41,23,2,0,1,0.0,3,2002,8,33
42,42,11,3,0,1,0.0,11,2002,8,34
43,43,12,2,0,1,0.0,6,2002,8,34
44,44,6,3,1,0,176.418226458,9,2002,8,34
45,45,23,2,0,1,137.540458061,4,2002,8,34
46,46,-1,3,0,0,118.330626045,4,2002,8,34
47,47,13,3,0,1,192.026440849,4,2002,8,34
48,48,-1,2,0,0,0.0,9,2002,8,34
49,49,22,9,0,1,270.617674472,12,2002,8,35
50,50,0,4,1,0,75.1916298638,3,2002,8,34
51,51,-1,3,0,0,272.774551194,5,2002,8,35
52,52,-1,2,0,0,0.0,8,2002,8,35
53,53,23,2,0,1,109.477711705,9,2002,8,35
54,54,14,4,0,1,172.135394545,9,2002,8,35
55,55,21,7,0,1,246.442430874,16,2002,9,36
56,56,-1,2,0,0,105.660459564,4,2002,8,35
57,57,0,2,1,0,58.4308685239,0,2002,8,35
58,58,23,2,0,1,162.187678502,3,2002,8,35
59,59,0,2,1,0,0.0,0,2002,8,35
60,61,15,41,0,2,477.711936798,51,2002,9,37
61,60,0,2,1,0,33.0184154313,1,2002,8,35
62,62,11,3,1,0,0.0,0,2002,8,35
63,63,0,4,1,1,142.043113456,4,2002,8,35
64,64,10,4,1,0,194.827581107,18,2002,9,36
65,65,0,3,1,1,193.656733089,13,2002,9,36
66,66,12,3,1,0,173.112047593,12,2002,9,36
67,67,-1,2,0,0,0.0,2,2002,8,35
68,68,16,3,0,1,205.954933314,7,2002,9,36
69,69,0,4,0,1,69.2695125052,3,2002,9,36
70,70,4,2,1,0,190.109686238,8,2002,9,36
71,71,8,5,1,1,88.0852848437,7,2002,9,36
72,72,9,2,1,0,0.0,4,2002,9,36
73,73,17,5,0,1,242.340291249,9,2002,9,36
74,74,-1,3,0,0,249.056176649,9,2002,9,36
75,75,-1,2,0,0,0.0,1,2002,9,36
76,76,13,3,1,0,0.0,11,2002,9,36
77,77,-1,2,0,0,0.0,3,2002,9,36
78,78,23,4,1,1,0.0,1,2002,9,36
79,79,0,6,1,1,157.649569554,6,2002,9,36
80,80,0,14,2,0,358.958440439,17,2002,9,37
81,81,-1,4,0,0,205.683068307,2,2002,9,36
82,82,23,53,3,5,529.09156638,51,2002,10,40
83,83,23,2,0,1,0.0,3,2002,9,36
84,84,22,4,1,1,69.4482899303,9,2002,9,37
85,85,-1,2,0,0,0.0,2,2002,9,37
86,86,0,2,1,0,148.512268542,2,2002,9,37
87,87,23,2,0,1,86.9021874673,7,2002,9,37
88,88,18,3,0,1,178.422513809,4,2002,9,37
89,89,0,3,1,0,60.8806899502,1,2002,9,37
90,90,14,7,1,1,192.0104844,12,2002,9,38
91,91,0,3,1,0,28.5319683239,5,2002,9,37
92,92,0,6,1,1,115.469914641,4,2002,9,37
93,93,-1,2,0,0,113.198128704,2,2002,9,37
94,94,-1,2,0,0,165.546234445,5,2002,9,37
95,95,-1,2,0,0,42.7794625747,4,2002,9,37
96,96,7,3,1,0,273.569487073,1,2002,9,37
97,97,17,2,1,0,234.646683508,6,2002,9,38
98,98,-1,2,0,0,0.0,8,2002,9,38
99,99,22,2,0,1,154.651746241,7,2002,9,38
100,100,19,3,0,1,296.096773249,15,2002,9,39
101,101,16,4,1,0,147.242605313,10,2002,9,38
102,102,15,9,1,1,143.07439357,19,2002,9,39
103,103,-1,4,0,0,96.1884762277,4,2002,9,38
104,104,20,5,0,1,153.276992306,6,2002,9,38
105,105,0,4,2,1,187.763162918,5,2002,9,38
106,106,31,2,0,1,182.562467493,7,2002,9,38
107,107,-1,2,0,0,189.206190848,3,2002,9,38
108,108,0,2,1,0,49.9495602153,9,2002,9,39
109,109,0,6,1,1,188.353579003,13,2002,9,39
110,110,-1,3,0,0,150.765348502,6,2002,9,38
111,111,1,48,1,3,526.937465185,51,2002,10,42
112,112,23,4,1,1,0.0,11,2002,9,39
113,113,21,6,1,1,196.442564679,13,2002,9,39
114,114,22,7,2,1,347.840774048,18,2002,9,39
115,115,23,5,2,2,272.545544636,14,2002,9,39
116,116,0,4,1,0,88.9339318371,7,2002,9,39
117,117,32,2,0,1,150.447732592,2,2002,9,39
118,118,8,3,2,0,271.943066776,2,2002,9,39
119,119,0,2,1,0,78.4204146759,1,2002,9,39
120,120,24,6,0,1,180.198121572,17,2002,9,39
121,121,0,13,1,1,243.469676059,17,2002,9,39
122,122,0,3,0,1,0.0,1,2002,9,39
123,123,0,2,0,1,23.3787399038,1,2002,9,39
124,124,0,9,1,1,98.7995380216,10,2002,10,40
125,125,25,5,0,1,230.306347697,10,2002,10,40
126,126,0,2,1,1,0.0,7,2002,9,40
127,127,18,4,1,0,263.753535283,9,2002,10,40
128,141,0,14,2,3,511.809952156,19,2002,10,41
129,128,31,3,0,1,0.0,8,2002,9,39
130,129,0,5,0,1,40.7348453586,2,2002,9,39
131,130,23,3,1,1,177.616592421,6,2002,10,40
132,131,-1,2,0,0,51.3219712979,3,2002,9,40
133,132,0,3,1,1,45.1823992413,1,2002,10,40
134,133,0,2,0,1,0.0,2,2002,10,40
135,134,26,3,0,1,0.0,6,2002,10,40
136,135,27,5,0,1,87.6660176229,2,2002,10,40
137,136,28,2,0,1,120.542641772,2,2002,10,40
138,137,20,3,1,0,169.091806305,8,2002,10,40
139,138,0,3,1,0,50.6047261285,3,2002,10,40
140,139,-1,3,0,0,104.47030633,8,2002,10,40
141,140,1,5,1,0,195.02567373,9,2002,10,40
142,146,14,8,1,1,301.354502704,16,2002,10,41
143,142,29,2,0,1,20.8856230121,1,2002,10,40
144,143,-1,5,0,0,99.2896279686,14,2002,10,42
145,144,23,2,1,1,0.0,5,2002,10,41
146,145,19,3,1,0,170.879902651,11,2002,10,41
147,147,0,2,1,0,89.4609202394,0,2002,10,41
148,148,-1,2,0,0,205.071073795,1,2002,10,41
149,149,30,6,0,2,237.289753652,10,2002,10,41
150,150,-1,2,0,0,78.7268093882,11,2002,10,42
151,151,0,4,1,0,110.143858841,8,2002,10,41
152,152,0,6,2,1,214.778399883,7,2002,10,41
153,153,31,3,2,1,170.526964245,1,2002,10,41
154,154,0,48,2,2,815.355553504,38,2002,11,45
155,155,27,9,1,0,111.893343785,12,2002,10,42
156,156,26,6,1,0,165.335202865,5,2002,10,42
157,157,23,41,1,2,393.072192461,27,2002,10,44
158,158,32,3,1,1,175.102739619,10,2002,10,42
159,159,1,3,1,0,81.2097187413,7,2002,10,42
160,160,1,26,2,2,330.794619082,20,2002,10,43
161,179,0,21,1,1,447.207545508,36,2002,11,45
162,161,15,2,1,1,136.630028027,1,2002,10,42
163,162,0,10,3,1,338.626293986,13,2002,10,43
164,173,14,57,1,1,413.2936507,68,2002,11,47
165,163,28,7,1,0,92.7184013666,9,2002,10,43
166,164,0,13,5,1,365.994304187,9,2002,10,42
167,165,0,3,1,1,127.071130762,11,2002,10,43
168,166,23,2,1,0,0.0,2,2002,10,42
169,167,-1,2,0,0,0.0,1,2002,10,42
170,168,33,6,0,1,218.510399319,14,2002,10,43
171,169,23,4,1,1,312.27327861,9,2002,10,43
172,170,-1,2,0,0,31.022504271,1,2002,10,42
173,171,0,6,2,1,326.056313469,9,2002,10,43
174,172,25,3,1,2,234.315626101,8,2002,10,43
175,174,-1,3,0,0,54.2266763933,5,2002,10,43
176,175,36,7,0,1,126.877583385,10,2002,10,43
177,176,0,4,1,1,190.526261929,8,2002,10,43
178,177,35,34,0,2,361.688119584,37,2002,11,45
179,178,0,2,0,1,171.414028702,2,2002,10,43
180,180,0,2,1,1,0.0,3,2002,10,43
181,181,22,2,1,1,100.535582121,2,2002,10,43
182,182,-1,2,0,0,242.321750085,8,2002,10,44
183,183,23,3,1,1,161.755803147,4,2002,10,43
184,184,29,8,1,0,96.3188342994,7,2002,10,44
185,185,30,2,1,0,0.0,4,2002,10,43
186,186,0,25,3,2,358.073844588,28,2002,11,46
187,187,15,2,1,1,91.1948228354,3,2002,10,43
188,188,21,5,1,0,227.043270868,4,2002,10,44
189,189,0,2,1,1,100.985084796,4,2002,10,44
190,190,23,2,1,1,104.898209041,1,2002,10,44
191,191,-1,2,0,0,147.805346911,2,2002,10,44
192,192,23,3,1,0,172.741529312,3,2002,10,44
193,193,-1,2,0,0,79.6904313011,2,2002,10,44
194,194,24,2,1,0,0.0,2,2002,10,44
195,195,1,2,1,1,186.015555303,2,2002,10,44
196,197,23,9,2,1,414.819525641,7,2002,11,44
197,196,31,3,1,0,0.0,8,2002,11,45
198,198,4,5,1,1,179.43305128,14,2002,11,46
199,199,1,8,1,0,211.793156148,16,2002,11,45
200,200,15,10,1,0,156.667385388,27,2002,11,46
201,201,23,2,1,1,234.060497043,5,2002,11,45
202,202,0,2,1,1,107.892051439,2,2002,11,45
203,203,0,4,1,0,185.029879613,11,2002,11,45
204,204,30,13,1,0,90.6983893059,26,2002,11,46
205,205,33,3,1,0,107.092906194,11,2002,11,45
206,206,4,3,1,1,150.483003049,8,2002,11,46
207,207,34,3,0,1,65.5597761734,8,2002,11,46
208,208,15,2,1,0,53.9351166708,7,2002,11,45
209,209,32,2,1,0,124.720715059,6,2002,11,46
210,210,0,6,2,0,173.824367939,13,2002,11,46
211,211,35,3,0,1,139.531124774,12,2002,11,45
212,212,1,3,2,0,228.596152136,11,2002,11,47
213,213,1,3,1,1,0.0,2,2002,11,46
214,214,0,19,2,2,456.007001847,25,2002,11,48
215,215,36,2,1,1,119.003357974,7,2002,11,46
216,216,25,3,1,0,161.137421013,5,2002,11,47
217,217,0,17,1,0,252.116893201,26,2002,11,47
218,218,23,2,1,0,198.639134457,2,2002,11,46
219,219,23,3,2,0,162.035114521,9,2002,11,47
220,220,23,2,1,1,64.2691350403,8,2002,11,47
221,221,0,6,1,1,143.426100202,7,2002,11,47
222,222,37,2,0,1,0.0,7,2002,11,47
223,223,23,2,1,1,104.597253265,1,2002,11,46
224,224,0,3,1,0,95.2355361616,4,2002,11,47
225,225,0,9,1,1,199.717878371,10,2002,11,47
226,226,25,2,1,1,78.9155339334,4,2002,11,47
227,227,0,3,1,1,265.786272984,12,2002,11,47
228,228,0,5,1,1,106.27984047,7,2002,11,47
229,229,22,3,1,1,168.055072569,2,2002,11,47
230,230,0,4,1,1,181.502035988,4,2002,11,47
231,231,9,2,1,1,120.917148806,4,2002,11,47
232,232,23,9,1,0,366.927887181,5,2002,11,47
233,233,0,6,1,0,225.930408695,13,2002,11,48
234,234,1,2,1,0,118.655370459,8,2002,11,47
235,235,-1,2,0,0,97.8848639348,4,2002,11,47
236,236,-1,5,0,0,161.769454561,7,2002,11,47
237,237,0,6,1,0,322.946851773,10,2002,11,48
238,238,38,7,0,1,183.839803636,11,2002,11,48
239,239,23,2,1,0,214.48109264,6,2002,11,48
240,240,4,2,1,1,162.770114315,2,2002,11,48
241,241,34,5,1,0,59.2141457587,5,2002,11,48
242,242,-1,2,0,0,57.7220861314,5,2002,11,48
243,243,0,2,1,0,0.0,4,2002,11,48
244,244,36,3,1,0,124.284127561,14,2002,12,50
245,245,-1,2,0,0,29.5646318661,3,2002,11,48
246,246,4,3,1,0,48.7726199632,2,2002,12,48
247,247,35,5,2,0,141.240664045,13,2002,12,49
248,248,-1,2,0,0,0.0,1,2002,11,48
249,249,37,3,1,0,0.0,5,2002,11,48
250,250,0,4,1,0,191.674773225,9,2002,12,49
251,251,23,2,1,0,209.39686799,3,2002,12,49
252,252,0,4,1,0,127.895035599,11,2002,12,49
253,253,0,3,1,0,148.548196184,9,2002,12,49
254,254,1,2,1,0,160.880402775,2,2002,12,49
255,255,22,6,1,1,105.097005194,11,2002,12,50
256,256,0,2,1,0,147.059570029,5,2002,12,49
257,257,4,5,1,0,250.04215792,8,2002,12,50
258,258,0,2,1,0,175.013705092,5,2002,12,49
259,259,35,4,1,0,163.895350296,8,2002,12,50
260,260,9,3,2,0,238.578134736,7,2002,12,50
261,261,0,3,1,0,180.93183269,9,2002,12,50
262,262,25,2,1,0,122.450896742,3,2002,12,50
263,263,0,5,2,0,80.2486273693,4,2002,12,50
264,264,4,2,1,0,161.90832194,2,2002,12,50
265,265,-1,4,0,0,180.788792986,7,2002,12,50
266,266,0,3,1,0,136.00758669,7,2002,12,51
267,267,38,4,1,0,168.0551098,3,2002,12,50
268,268,-1,2,0,0,118.211459001,0,2002,12,51
269,269,14,2,1,0,244.214999343,2,2002,12,52
270,270,-1,2,0,0,0.0,2,2002,1,1
271,271,22,2,1,1,143.463051135,2,2002,1,1
272,272,-1,2,0,0,55.9210383317,8,2002,1,2
273,273,22,2,1,0,211.673567587,4,2002,1,3
274,274,-1,2,0,0,0.0,3,2002,1,3
275,275,-1,2,0,0,83.5441368443,0,2002,3,10
0,0,0,25,0,3,193.463556125,19,2006,7,29
1,1,0,2,1,0,53.3568826074,0,2006,7,30
2,2,1,2,0,1,95.1704744877,1,2006,7,30
3,3,2,2,0,1,0.0,3,2006,8,31
4,4,0,7,1,1,128.384048632,4,2006,8,33
5,5,-1,2,0,0,71.2317122925,2,2006,8,33
6,6,2,15,1,1,188.089572915,24,2006,8,34
7,7,1,2,1,0,235.831374368,1,2006,8,33
8,8,3,2,0,1,242.240055344,2,2006,8,33
9,9,0,6,1,1,93.242405075,4,2006,8,34
10,10,-1,8,0,0,77.697560021,4,2006,8,34
11,11,6,6,0,1,116.254693733,16,2006,9,35
12,12,-1,2,0,0,192.05846837,1,2006,8,34
13,13,0,4,1,1,252.347946646,4,2006,8,34
14,14,3,5,0,2,126.261955492,8,2006,8,35
15,15,8,4,0,1,106.673173475,8,2006,8,35
16,16,0,6,1,0,158.855010049,7,2006,9,35
17,17,-1,3,0,0,233.514095385,5,2006,9,35
18,18,9,15,0,1,132.473404692,30,2006,9,38
19,19,19,5,0,1,71.0484795324,4,2006,9,37
20,20,8,4,1,1,140.861005799,2,2006,9,36
21,21,3,8,2,3,233.524236495,7,2006,9,37
22,22,0,4,1,1,46.8652349118,1,2006,9,37
23,23,2,12,1,0,199.786862996,8,2006,9,38
24,24,19,16,1,1,124.41279492,13,2006,9,39
25,25,3,2,1,0,102.957529273,2,2006,9,38
26,26,4,2,0,1,158.392208437,3,2006,9,39
27,27,3,7,1,0,258.094458918,14,2006,9,39
28,28,5,3,0,1,0.0,4,2006,9,39
29,29,-1,7,0,0,81.8437060092,9,2006,10,40
30,30,3,2,1,0,58.6168270175,2,2006,9,39
31,31,6,2,1,1,0.0,1,2006,9,39
32,32,3,2,1,0,85.2756208102,0,2006,9,39
33,33,7,3,0,1,0.0,2,2006,10,40
34,34,8,3,1,1,97.4972497847,2,2006,10,40
35,35,9,4,1,1,185.942552579,12,2006,10,41
36,36,10,9,0,2,194.369817607,9,2006,10,41
37,37,16,2,0,1,0.0,4,2006,10,41
38,38,-1,2,0,0,0.0,1,2006,10,40
39,39,0,2,1,0,0.0,1,2006,10,40
40,40,11,3,0,1,124.783330804,9,2006,10,41
41,41,19,3,1,1,147.002882452,9,2006,10,42
42,42,4,2,1,0,184.99826235,2,2006,10,41
43,43,-1,3,0,0,230.094795753,17,2006,10,42
44,44,12,2,0,1,172.101530264,3,2006,10,41
45,45,13,2,0,1,234.447285345,5,2006,10,42
46,46,-1,5,0,0,209.616377636,5,2006,10,42
47,47,14,3,0,1,0.0,6,2006,10,42
48,48,15,6,0,1,105.451800254,4,2006,10,42
49,49,7,3,1,0,221.045342856,9,2006,10,42
50,50,6,2,1,1,0.0,9,2006,10,42
51,51,8,8,1,1,103.978599567,9,2006,10,42
52,52,10,16,1,3,185.471819113,12,2006,10,43
53,53,-1,7,0,0,305.316721473,14,2006,10,43
54,54,5,6,1,1,118.528185092,5,2006,10,43
55,55,-1,11,0,0,223.926161441,10,2006,10,43
56,56,11,8,1,1,342.289035295,15,2006,10,44
57,57,-1,2,0,0,0.0,3,2006,10,43
58,58,16,6,1,1,287.65343558,11,2006,10,44
59,59,-1,3,0,0,123.172772636,7,2006,11,44
60,60,17,6,0,1,193.354277571,12,2006,11,45
61,61,18,2,0,1,0.0,0,2006,10,44
62,62,15,8,1,0,130.861671315,3,2006,11,44
63,63,10,4,1,0,187.933914875,4,2006,11,44
64,64,9,8,1,0,133.078421525,12,2006,11,44
65,65,-1,2,0,0,209.302867295,4,2006,11,44
66,66,12,6,1,0,270.501632062,9,2006,11,45
67,67,-1,4,0,0,177.931736108,4,2006,11,44
68,68,19,4,1,1,71.8756737282,2,2006,11,44
69,69,6,2,1,0,89.8430654198,1,2006,11,44
70,70,14,2,1,0,0.0,1,2006,11,45
71,71,13,2,1,0,200.054773662,0,2006,11,45
72,72,10,3,1,1,105.262926738,2,2006,11,45
73,73,10,3,1,0,55.0620792273,8,2006,11,45
74,74,20,2,0,1,0.0,1,2006,11,45
75,75,5,2,1,0,49.4559142753,2,2006,11,46
76,76,11,2,1,0,0.0,8,2006,11,46
77,77,20,3,0,1,37.9661074448,0,2006,11,46
78,78,19,6,1,0,108.56558001,4,2006,11,46
79,79,21,8,0,2,240.383105431,9,2006,11,47
80,80,17,2,1,0,238.721938929,2,2006,11,46
81,81,-1,2,0,0,0.0,3,2006,11,46
82,82,8,2,1,0,204.118391513,6,2006,11,47
83,83,10,4,2,0,150.299615162,7,2006,11,47
84,84,22,15,0,1,157.065819843,13,2006,11,47
85,85,-1,2,0,0,124.539291312,4,2006,11,47
86,86,18,3,1,0,0.0,2,2006,11,47
87,87,-1,3,0,0,143.22820682,6,2006,11,48
88,88,23,2,0,1,0.0,3,2006,11,47
89,89,24,3,0,1,226.251312687,9,2006,11,48
90,90,20,38,2,1,148.113895226,17,2006,12,49
91,91,16,2,1,0,0.0,2,2006,11,48
92,92,21,10,1,0,265.424013245,7,2006,11,48
93,93,-1,2,0,0,79.0560131536,5,2006,12,48
94,94,-1,3,0,0,115.141587315,2,2006,12,49
95,95,22,3,1,0,154.443387995,1,2006,12,49
96,96,21,2,1,0,0.0,0,2006,12,49
97,97,23,3,1,0,199.661022649,11,2006,12,50
98,98,20,2,1,0,0.0,1,2006,12,50
99,99,-1,2,0,0,82.2847968781,4,2006,12,51
100,100,24,2,1,0,0.0,0,2006,12,52
101,101,-1,2,0,0,44.6035639423,4,2006,1,1
0,0,-1,39,0,0,127.890252378,16,2010,8,33
1,1,9,4,0,2,274.401388631,10,2010,9,35
2,2,3,8,0,1,253.351554584,15,2010,9,37
3,3,0,2,0,1,52.3027813228,0,2010,9,36
4,4,-1,3,0,0,203.512431962,3,2010,9,37
5,5,-1,2,0,0,0.0,0,2010,9,37
6,6,-1,7,0,0,245.307824159,6,2010,9,37
7,7,1,5,0,2,166.366601062,11,2010,9,37
8,8,-1,5,0,0,59.5854665355,10,2010,9,37
9,9,2,15,0,2,334.408998372,21,2010,9,38
10,10,-1,2,0,0,67.0440936897,3,2010,9,37
11,11,9,3,1,1,147.812487794,9,2010,9,38
12,12,3,10,0,1,232.464728344,11,2010,9,38
13,13,4,5,0,2,212.243791613,9,2010,9,38
14,14,5,2,0,1,0.0,0,2010,9,38
15,15,6,7,0,2,153.321438949,7,2010,9,39
16,16,-1,2,0,0,80.6036784241,1,2010,9,38
17,17,7,4,0,1,256.430559202,8,2010,9,38
18,18,8,3,0,1,213.639886068,5,2010,9,39
19,19,-1,2,0,0,118.977439538,3,2010,9,39
20,20,9,35,2,1,146.9193362,18,2010,10,40
21,21,12,5,0,1,158.356563172,9,2010,10,39
22,22,-1,2,0,0,217.129324925,1,2010,9,39
23,23,0,3,1,1,110.112007163,2,2010,10,40
24,24,1,2,1,1,61.1927084067,3,2010,10,40
25,27,3,7,2,1,232.200204009,7,2010,10,41
26,25,2,6,1,0,129.45706235,12,2010,10,41
27,26,6,8,1,0,92.3818966549,6,2010,10,40
28,28,4,3,1,0,33.1734158225,5,2010,10,41
29,29,1,2,1,0,56.6391496121,1,2010,10,40
30,30,5,3,1,0,189.467097464,5,2010,10,41
31,31,9,6,1,0,51.8598049537,4,2010,10,41
32,32,-1,4,0,0,104.294194912,7,2010,10,41
33,33,10,3,0,1,211.593102068,4,2010,10,41
34,34,7,2,1,0,101.976381871,5,2010,10,41
35,35,11,3,0,1,147.240206078,8,2010,10,41
36,36,19,5,0,2,90.76323303,5,2010,10,41
37,37,12,2,1,2,162.46815256,3,2010,10,41
38,38,13,6,0,1,196.931424659,8,2010,10,42
39,39,-1,3,0,0,41.4922168311,3,2010,10,41
40,40,6,2,1,0,209.783637949,4,2010,10,42
41,41,25,8,0,1,124.766575059,13,2010,10,42
42,42,-1,3,0,0,115.854029022,3,2010,10,42
43,43,-1,2,0,0,189.274771052,5,2010,10,42
44,44,0,4,1,1,171.447645222,8,2010,10,42
45,45,8,6,1,1,298.41952857,10,2010,10,42
46,46,3,2,1,0,0.0,3,2010,10,42
47,47,-1,2,0,0,75.963180681,1,2010,10,42
48,48,-1,2,0,0,0.0,0,2010,10,42
49,49,4,2,1,0,142.127030518,0,2010,10,42
50,50,14,3,0,1,148.857014942,4,2010,10,42
51,51,2,2,1,0,113.746251147,3,2010,10,42
52,52,-1,2,0,0,0.0,1,2010,10,42
53,53,15,3,0,1,132.526320728,3,2010,10,43
54,54,16,5,0,1,100.055840552,7,2010,10,43
55,55,1,4,1,0,132.566862615,7,2010,10,43
56,56,17,4,0,1,188.404476631,8,2010,10,43
57,57,18,7,0,2,245.09365319,10,2010,11,44
58,58,-1,2,0,0,155.054956074,7,2010,11,44
59,59,-1,2,0,0,102.07858589,1,2010,10,43
60,60,19,3,1,1,186.359531418,3,2010,11,44
61,61,10,2,1,0,108.003340276,7,2010,11,44
62,62,13,5,1,1,180.939267833,7,2010,11,44
63,63,12,2,1,0,248.420003772,3,2010,11,44
64,64,-1,2,0,0,0.0,1,2010,11,44
65,65,-1,9,0,0,99.4300412687,20,2010,11,46
66,66,12,4,1,0,329.613782097,9,2010,11,44
67,67,20,2,0,1,170.084472204,1,2010,11,44
68,68,21,3,0,1,26.7830272,8,2010,11,45
69,69,-1,2,0,0,156.147695209,6,2010,11,45
70,70,-1,4,0,0,170.958400753,9,2010,11,45
71,71,11,2,1,1,0.0,4,2010,11,45
72,72,-1,2,0,0,0.0,1,2010,11,44
73,73,14,2,1,0,0.0,3,2010,11,45
74,74,11,3,0,2,278.641541279,5,2010,11,45
75,75,-1,2,0,0,135.278645169,3,2010,11,45
76,76,8,2,1,1,0.0,3,2010,11,45
77,77,16,2,1,0,88.4174630751,2,2010,11,45
78,78,22,5,0,2,158.978292257,11,2010,11,45
79,79,19,6,2,1,188.314905317,11,2010,11,46
80,80,23,2,0,1,0.0,6,2010,11,46
81,81,18,2,1,1,76.8552680255,6,2010,11,46
82,82,0,2,1,1,69.563399453,6,2010,11,46
83,83,15,2,1,1,183.003926862,0,2010,11,46
84,84,-1,2,0,0,109.646299217,3,2010,11,46
85,85,24,2,0,1,152.928740315,6,2010,11,46
86,86,25,4,1,2,301.000598695,6,2010,11,46
87,87,18,2,0,2,188.797505615,1,2010,11,46
88,88,-1,5,0,0,118.512785855,5,2010,11,47
89,89,20,2,1,2,195.637560467,3,2010,11,46
90,90,26,5,0,2,320.817654261,5,2010,11,47
91,91,27,4,0,1,166.749307365,6,2010,11,47
92,92,17,3,1,0,119.365354527,3,2010,11,47
93,93,21,5,1,0,184.388638629,15,2010,11,48
94,94,13,2,1,1,0.0,4,2010,11,47
95,95,18,8,3,2,270.263972651,19,2010,12,48
96,96,11,4,2,0,177.712522803,12,2010,11,47
97,97,8,2,1,1,0.0,8,2010,11,47
98,98,-1,3,0,0,102.232412752,2,2010,11,47
99,99,11,2,1,0,198.443512842,7,2010,11,48
100,100,22,3,1,0,61.1101079014,6,2010,12,48
101,101,-1,2,0,0,84.1682963622,5,2010,11,48
102,102,-1,2,0,0,173.814763004,6,2010,12,48
103,103,15,2,1,0,38.264974115,11,2010,12,48
104,104,24,3,1,0,192.429385623,11,2010,12,49
105,105,26,5,1,1,246.408590833,8,2010,12,49
106,106,26,4,1,0,37.6923023408,11,2010,12,49
107,107,-1,2,0,0,73.3913780592,1,2010,12,48
108,108,23,5,1,0,111.688564065,7,2010,12,49
109,109,13,2,1,0,29.2869266231,1,2010,12,49
110,110,-1,5,0,0,37.4213935931,9,2010,12,49
111,111,25,3,1,0,233.106967286,6,2010,12,50
112,112,20,2,1,0,0.0,3,2010,12,49
113,113,19,2,1,0,141.119148234,0,2010,12,49
114,114,18,2,1,0,0.0,8,2010,12,49
115,115,22,2,1,0,0.0,2,2010,12,49
116,116,8,2,1,0,0.0,0,2010,12,49
117,117,20,2,1,0,0.0,1,2010,12,49
118,118,-1,3,0,0,149.983536644,3,2010,12,49
119,119,-1,3,0,0,71.1281172244,7,2010,12,50
120,120,0,4,1,0,186.055956862,6,2010,12,50
121,121,27,3,1,0,193.103736455,8,2010,12,51
122,122,18,2,1,0,120.7204518,4,2010,12,50
123,123,25,2,1,0,233.477842283,0,2010,12,50
124,124,26,2,1,0,0.0,2,2010,12,51
125,125,-1,2,0,0,0.0,1,2010,12,51
126,126,18,2,1,0,0.0,2,2010,12,52
127,127,-1,3,0,0,81.225602122,5,2010,12,52
128,128,-1,2,0,0,0.0,7,2010,1,3
0,0,-1,70,0,0,241.810640411,15,2011,8,34
1,1,0,5,0,1,204.308373609,10,2011,8,34
2,2,-1,3,0,0,83.5547275147,0,2011,8,35
3,3,5,20,0,1,205.444340645,23,2011,9,39
4,4,1,4,0,1,161.865448466,4,2011,9,37
5,5,-1,3,0,0,0.0,3,2011,9,38
6,6,-1,5,0,0,105.136298591,11,2011,10,39
7,7,2,4,0,1,110.431547037,8,2011,9,39
8,8,9,6,0,1,69.7044879255,7,2011,10,40
9,9,0,4,1,0,172.692297419,1,2011,9,39
10,10,3,5,0,2,210.317330328,11,2011,10,40
11,11,4,11,0,4,279.492599265,15,2011,10,40
12,12,7,3,0,1,0.0,8,2011,10,40
13,13,2,21,1,0,208.303476629,21,2011,10,42
14,14,1,2,1,0,37.3534954614,1,2011,10,40
15,15,4,8,1,1,119.230182498,16,2011,10,41
16,16,-1,2,0,0,99.7546838595,2,2011,10,41
17,17,-1,2,0,0,0.0,2,2011,10,41
18,18,5,4,1,1,129.600474862,7,2011,10,42
19,19,-1,2,0,0,82.5505886614,11,2011,10,42
20,20,3,16,1,1,182.71151608,17,2011,10,42
21,21,-1,3,0,0,209.674621904,8,2011,10,42
22,22,-1,3,0,0,227.802034413,1,2011,10,42
23,23,-1,2,0,0,207.674902953,5,2011,10,42
24,24,3,3,1,0,168.714374529,10,2011,10,42
25,25,20,3,0,1,256.125938009,2,2011,10,42
26,26,4,3,0,3,306.88152653,15,2011,10,44
27,27,6,2,0,1,0.0,3,2011,10,42
28,28,4,3,1,1,145.937047993,5,2011,10,42
29,29,4,2,1,1,93.5414725111,5,2011,10,42
30,30,7,2,1,1,125.088838444,1,2011,10,42
31,31,-1,3,0,0,45.8590040527,4,2011,10,43
32,32,8,7,0,1,141.995365439,9,2011,11,44
33,33,9,2,1,2,143.379190952,3,2011,10,43
34,34,5,4,1,1,60.8907230228,10,2011,11,44
35,35,10,5,0,1,223.95722403,20,2011,11,45
36,36,11,2,0,1,0.0,5,2011,11,44
37,37,4,6,1,0,214.06918801,11,2011,11,45
38,38,12,5,0,1,98.3045304621,16,2011,11,46
39,39,13,8,0,1,247.516672578,7,2011,11,44
40,40,19,3,0,2,93.844427822,9,2011,11,44
41,41,4,7,2,2,352.878566342,9,2011,11,44
42,42,20,2,1,1,122.920881513,7,2011,11,44
43,43,21,2,0,1,57.4115256095,0,2011,11,44
44,44,-1,9,0,0,197.901089324,22,2011,11,46
45,45,14,3,0,2,171.848045973,10,2011,11,44
46,46,-1,2,0,0,0.0,2,2011,11,44
47,47,15,2,0,1,73.8328937263,2,2011,11,44
48,48,8,20,1,0,237.64865197,10,2011,11,45
49,49,16,14,0,1,184.926232037,12,2011,11,45
50,50,4,2,1,1,0.0,0,2011,11,44
51,51,4,10,2,0,233.376895835,15,2011,11,46
52,52,17,6,0,1,125.812975732,6,2011,11,45
53,53,7,3,1,0,198.960226783,11,2011,11,45
54,54,13,11,1,0,129.674497027,11,2011,11,45
55,55,-1,2,0,0,0.0,1,2011,11,45
56,56,9,2,1,0,82.2168054284,10,2011,11,45
57,57,-1,2,0,0,169.797601815,11,2011,11,45
58,58,18,3,0,1,208.698651364,5,2011,11,45
59,59,-1,2,0,0,232.562573691,10,2011,11,46
60,60,19,2,0,1,93.2874419573,0,2011,11,45
61,61,5,3,1,1,136.894361266,2,2011,11,46
62,62,20,2,0,1,244.512443628,1,2011,11,45
63,63,4,5,1,0,229.852632734,10,2011,11,46
64,64,6,5,1,1,154.620819437,5,2011,11,46
65,65,21,6,1,2,126.554656579,13,2011,11,47
66,66,11,6,1,1,298.229826299,4,2011,11,46
67,67,-1,23,0,0,258.583641683,17,2011,11,47
68,68,15,6,1,0,133.787749444,12,2011,11,46
69,69,4,8,1,1,257.885551507,10,2011,11,47
70,70,22,4,0,1,95.0756810404,3,2011,11,46
71,71,-1,3,0,0,67.9740973171,12,2011,11,47
72,72,23,5,0,1,213.106748701,11,2011,11,47
73,73,24,3,0,1,229.872057044,5,2011,11,46
74,74,9,3,1,1,149.689793938,1,2011,11,46
75,75,-1,2,0,0,0.0,1,2011,11,46
76,76,3,2,1,0,0.0,0,2011,11,47
77,77,-1,6,0,0,162.410419982,14,2011,11,47
78,78,17,4,1,0,104.179469773,8,2011,11,47
79,79,20,12,2,0,280.081264119,16,2011,12,48
80,80,4,4,1,1,133.727195036,4,2011,11,47
81,81,10,4,1,0,206.938230679,4,2011,11,47
82,82,-1,2,0,0,42.6449503156,4,2011,11,47
83,83,14,2,1,1,192.130541531,4,2011,11,47
84,84,19,9,2,1,134.292924883,12,2011,11,47
85,85,4,2,1,0,0.0,0,2011,11,47
86,86,24,14,1,0,242.385654059,16,2011,12,48
87,87,18,5,1,1,95.8263948814,9,2011,12,48
88,88,19,2,1,0,61.2257356752,5,2011,12,48
89,89,-1,6,0,0,165.738296381,4,2011,12,48
90,90,6,2,1,0,53.60531763,5,2011,12,48
91,91,11,5,1,1,137.886407676,9,2011,12,49
92,92,21,2,1,0,0.0,0,2011,12,48
93,93,-1,2,0,0,0.0,0,2011,12,48
94,94,-1,3,0,0,51.9305165024,2,2011,12,48
95,95,9,3,1,0,127.448169686,6,2011,12,49
96,96,-1,2,0,0,109.440084658,5,2011,12,49
97,97,12,2,1,0,97.2062241067,3,2011,12,49
98,98,-1,3,0,0,136.479734574,8,2011,12,49
99,99,16,2,1,0,70.4739468895,0,2011,12,49
100,100,21,2,1,0,153.438318958,1,2011,12,49
101,101,5,2,1,0,57.4730536317,2,2011,12,49
102,102,14,4,1,0,128.576711034,2,2011,12,49
103,103,18,2,1,0,235.929684301,2,2011,12,49
104,104,-1,2,0,0,78.7182680805,1,2011,12,49
105,105,23,2,1,0,0.0,1,2011,12,49
106,106,14,4,1,0,82.0069505497,3,2011,12,50
107,107,-1,2,0,0,0.0,1,2011,12,49
108,108,22,2,1,0,180.944140785,1,2011,12,49
109,109,-1,3,0,0,60.6275230142,7,2011,12,50
110,110,-1,2,0,0,202.24239255,4,2011,12,50
111,111,4,3,1,0,0.0,8,2011,12,50
112,112,4,2,1,0,0.0,0,2011,12,50
113,113,-1,2,0,0,212.808480577,0,2011,12,50
114,114,-1,2,0,0,0.0,2,2011,12,50
115,115,19,2,1,0,0.0,6,2011,12,50
116,116,11,2,1,0,222.426662447,1,2011,12,51
117,117,-1,2,0,0,96.6431699648,2,2011,12,51
118,118,-1,2,0,0,0.0,0,2011,12,52
0,0,-1,2,0,0,0.0,1,2014,5,21
1,1,0,21,0,1,107.90244855,16,2014,6,24
2,2,2,7,0,1,74.7292953885,7,2014,6,24
3,3,1,20,0,1,98.6035865523,21,2014,6,26
4,4,2,18,1,2,261.791535615,22,2014,6,27
5,5,0,4,1,0,163.691682884,7,2014,6,26
6,6,3,52,0,3,307.982051582,38,2014,7,29
7,7,6,2,0,1,62.8224327121,1,2014,7,28
8,8,-1,6,0,0,64.579708796,8,2014,7,29
9,9,-1,2,0,0,33.836454638,1,2014,7,29
10,10,35,335,0,7,595.260016177,140,2014,9,39
11,13,3,9579,1,140,3052.105956,166,2014,10,43
12,11,3,2,0,1,121.077518824,4,2014,7,29
13,12,1,15,1,0,204.541589672,34,2014,7,31
14,14,4,16,0,1,123.498980058,11,2014,7,30
15,15,5,3,0,1,102.248511689,10,2014,7,31
16,16,2,14,1,0,168.67909349,30,2014,8,31
17,17,-1,3,0,0,139.344749612,8,2014,7,31
18,18,6,4,1,1,71.713252752,10,2014,7,30
19,19,7,7,0,1,227.935124481,10,2014,7,30
20,20,8,2,0,1,0.0,8,2014,7,31
21,21,-1,5,0,0,136.325201218,6,2014,7,31
22,22,9,3,0,1,129.391845613,15,2014,8,32
23,23,2,5,1,0,283.787694254,17,2014,8,32
24,24,4,46,1,0,211.060727693,26,2014,8,32
25,25,13,7,0,1,145.681020384,8,2014,8,32
26,26,3,6,1,0,356.074115121,11,2014,8,32
27,27,-1,2,0,0,0.0,0,2014,8,31
28,28,-1,2,0,0,0.0,2,2014,8,32
29,29,-1,2,0,0,0.0,2,2014,8,32
30,30,-1,2,0,0,164.133480371,10,2014,8,32
31,31,3,19,2,0,393.667138777,16,2014,8,33
32,32,7,11,1,1,290.096328246,11,2014,8,33
33,33,-1,2,0,0,0.0,4,2014,8,33
34,34,10,2,0,2,225.882847664,4,2014,8,33
35,35,8,6,1,0,241.052354543,5,2014,8,33
36,36,-1,5,0,0,154.995721464,7,2014,8,34
37,37,16,3,0,1,236.917877413,13,2014,8,34
38,38,11,3,0,1,136.472410543,7,2014,8,34
39,39,17,2,0,1,62.3633837858,0,2014,8,33
40,40,-1,3,0,0,186.684738073,4,2014,8,33
41,41,35,94,0,3,213.429921753,63,2014,9,39
42,42,-1,2,0,0,74.8172057457,5,2014,8,34
43,43,12,3,0,1,227.679623069,6,2014,8,33
44,44,13,8,0,1,134.288866647,8,2014,8,34
45,45,6,2,1,0,172.711281272,9,2014,8,34
46,46,-1,2,0,0,0.0,4,2014,8,34
47,47,3,2,1,0,0.0,10,2014,8,34
48,48,14,2,0,1,237.965320926,6,2014,8,34
49,49,-1,3,0,0,71.3683004243,5,2014,8,35
50,50,13,3,1,2,131.558427136,7,2014,8,34
51,51,10,3,1,0,43.4938470376,11,2014,9,36
52,52,5,2,1,0,0.0,0,2014,8,35
53,53,15,2,0,1,223.037577671,10,2014,8,35
54,54,-1,2,0,0,33.0252463231,6,2014,8,35
55,55,17,6,1,1,126.952293249,9,2014,9,36
56,56,9,3,1,0,199.960882371,5,2014,8,35
57,57,7,4,1,0,156.809656432,11,2014,8,35
58,58,-1,2,0,0,178.164018944,7,2014,8,35
59,59,12,4,1,0,259.260543396,11,2014,8,35
60,60,11,5,1,1,232.459676596,15,2014,9,36
61,61,16,3,1,1,234.351905115,5,2014,8,35
62,62,10,5,1,2,249.9736896,17,2014,9,37
63,63,13,294,1,7,603.770173068,105,2014,10,41
64,64,-1,3,0,0,177.827589072,5,2014,9,36
65,65,-1,2,0,0,114.228217847,6,2014,9,36
66,66,-1,2,0,0,205.147755873,5,2014,9,36
67,67,3,2,1,0,0.0,0,2014,9,36
68,68,-1,6,0,0,223.791645965,8,2014,9,36
69,69,14,4,1,1,211.461201457,20,2014,9,38
70,70,-1,6,0,0,300.970322425,9,2014,9,37
71,71,3,2,1,0,41.0231545267,1,2014,9,36
72,72,-1,2,0,0,171.335782678,1,2014,9,37
73,73,3,2,1,0,0.0,0,2014,9,37
74,74,13,6,1,0,171.812665408,10,2014,9,38
75,75,17,13,1,1,167.347204932,11,2014,9,38
76,76,18,6,0,1,58.2355163632,5,2014,9,37
77,77,-1,2,0,0,125.80591969,0,2014,9,37
78,78,16,7,1,0,353.561754827,16,2014,9,38
79,79,3,2,1,0,79.5050824408,0,2014,9,37
80,80,13,3,1,2,208.845930415,5,2014,9,38
81,81,19,6,0,1,115.459364631,10,2014,9,38
82,82,20,2,0,1,121.747794096,1,2014,9,38
83,83,21,4,0,1,0.0,2,2014,9,38
84,84,-1,3,0,0,48.2995864781,5,2014,9,38
85,85,15,3,1,0,146.017275443,4,2014,9,38
86,86,-1,3,0,0,27.3615799664,3,2014,9,38
87,87,-1,4,0,0,220.738421434,8,2014,9,39
88,88,-1,3,0,0,224.372463768,3,2014,9,39
89,89,-1,3,0,0,119.341379796,3,2014,9,39
90,90,11,3,1,0,0.0,1,2014,9,39
91,91,22,69,0,2,160.526837548,33,2014,10,42
92,92,10,2,1,1,153.732308982,9,2014,9,39
93,93,23,2,0,1,117.549648353,4,2014,9,39
94,94,35,2,1,1,131.593983746,8,2014,10,40
95,95,-1,2,0,0,80.5011197948,3,2014,9,39
96,96,24,50,0,2,285.765317014,54,2014,11,45
97,97,-1,5,0,0,90.0972281444,10,2014,10,40
98,98,14,2,1,0,192.863039257,1,2014,9,39
99,99,-1,3,0,0,203.494813366,4,2014,9,40
100,100,10,2,1,0,206.817644773,9,2014,10,40
101,101,-1,2,0,0,71.1066245152,5,2014,10,40
102,102,17,20,1,0,194.686834636,35,2014,10,42
103,103,18,3,1,0,77.8008751809,10,2014,10,40
104,104,25,4,0,1,110.461872535,8,2014,10,40
105,105,-1,2,0,0,156.619771694,7,2014,10,40
106,106,-1,2,0,0,78.9709346446,1,2014,10,40
107,107,-1,2,0,0,0.0,9,2014,10,40
108,108,19,3,1,0,132.890716791,6,2014,10,40
109,109,-1,2,0,0,208.950717703,3,2014,10,40
110,110,-1,6,0,0,195.275743309,14,2014,10,41
111,111,-1,5,0,0,246.652698896,15,2014,10,41
112,112,20,8,1,0,263.639436506,9,2014,10,41
113,113,-1,2,0,0,96.5192885825,1,2014,10,40
114,114,21,8,1,1,212.395638395,27,2014,10,43
115,120,26,142,0,1,452.505146502,65,2014,11,46
116,115,13,3,1,1,0.0,9,2014,10,41
117,116,-1,2,0,0,117.747166621,4,2014,10,41
118,117,27,109,0,1,449.278600427,72,2014,11,47
119,118,28,4,0,1,264.633778378,10,2014,10,42
120,119,33,4,0,1,138.008142927,5,2014,10,41
121,121,29,2,0,1,153.34026168,6,2014,10,41
122,122,-1,10,0,0,0.0,27,2014,10,42
123,123,3,2,1,0,31.6522427928,0,2014,10,41
124,124,-1,2,0,0,113.308388013,5,2014,10,41
125,125,3,2,1,0,74.4685058705,0,2014,10,41
126,126,-1,15,0,0,0.0,31,2014,10,43
127,127,3,3,1,0,60.1355361884,2,2014,10,41
128,128,23,2,1,0,0.0,0,2014,10,41
129,129,3,2,1,0,20.1371555924,0,2014,10,41
130,130,48,2,0,1,86.4332263153,11,2014,10,42
131,131,30,6,0,1,115.404586792,6,2014,10,42
132,132,31,2,0,1,207.213011549,2,2014,10,42
133,133,-1,4,0,0,158.914807884,9,2014,10,42
134,134,32,2,0,1,167.07795143,3,2014,10,42
135,135,10,9,1,0,149.420542146,11,2014,10,42
136,136,25,23,1,1,371.359296209,42,2014,11,45
137,137,33,3,0,1,134.34654626,6,2014,10,43
138,138,3,3,1,0,0.0,2,2014,10,42
139,139,40,2,0,1,85.5133838315,0,2014,10,42
140,140,3,2,1,0,40.2631720003,2,2014,10,42
141,141,-1,2,0,0,0.0,3,2014,10,42
142,142,35,2,1,1,64.2765068353,6,2014,10,42
143,143,13,2,1,0,185.813035362,0,2014,10,42
144,144,-1,4,0,0,236.003543443,9,2014,10,42
145,145,42,4,0,1,159.340991449,6,2014,10,42
146,146,40,3,0,2,256.607179817,5,2014,10,43
147,147,35,4,1,1,49.8673068471,7,2014,10,43
148,148,34,7,0,2,401.450632468,15,2014,10,43
149,154,33,29,2,1,500.646386727,41,2014,11,45
150,149,-1,2,0,0,116.03952395,0,2014,10,43
151,150,-1,4,0,0,218.387348025,8,2014,10,43
152,151,35,3,1,1,97.4602637675,2,2014,10,43
153,152,36,56,0,1,486.407109718,45,2014,11,46
154,153,-1,2,0,0,116.275689536,3,2014,10,43
155,155,13,3,1,0,0.0,3,2014,10,43
156,156,3,5,1,0,192.799217638,2,2014,10,43
157,157,13,6,1,1,147.891171436,2,2014,10,43
158,158,3,2,1,0,58.0405447052,0,2014,10,43
159,159,48,9,1,2,228.405478089,22,2014,11,45
160,160,13,3,1,0,37.9063380501,1,2014,10,43
161,161,37,3,0,1,268.564535053,9,2014,11,45
162,162,30,92,1,0,228.818480273,52,2014,11,48
163,177,35,24,4,0,610.084845753,33,2014,11,45
164,163,44,2,0,1,51.5630340007,0,2014,10,43
165,164,-1,2,0,0,32.6835469717,3,2014,10,44
166,165,38,2,0,1,223.414023948,8,2014,10,44
167,166,29,4,1,0,123.856953443,12,2014,11,44
168,167,39,2,0,1,47.616366974,6,2014,10,44
169,168,-1,2,0,0,240.970281872,1,2014,10,44
170,169,40,56,2,1,262.368414458,52,2014,11,47
171,170,13,7,2,1,378.155947096,14,2014,10,44
172,171,3,4,1,0,61.9162839863,2,2014,10,44
173,172,-1,3,0,0,33.9723784486,1,2014,10,44
174,173,3,13,1,0,263.433689628,21,2014,11,46
175,174,22,11,1,1,134.344012157,3,2014,10,44
176,175,3,2,1,0,0.0,0,2014,10,44
177,176,34,6,1,3,389.563738103,14,2014,11,45
178,178,3,5,1,0,139.490422791,1,2014,10,44
179,179,41,6,0,1,277.198591826,17,2014,11,46
180,180,42,2,1,2,0.0,5,2014,11,44
181,181,43,2,0,1,83.9256914261,9,2014,11,45
182,182,3,2,1,0,158.270912111,0,2014,11,44
183,183,32,2,1,2,181.843124742,4,2014,11,45
184,184,40,8,1,1,381.927804582,32,2014,11,47
185,185,28,3,1,0,44.2361538157,5,2014,11,45
186,195,22,41,2,2,311.270205033,46,2014,11,47
187,186,3,4,1,0,64.5767781288,3,2014,11,45
188,187,35,7,1,1,151.406838861,11,2014,11,46
189,188,35,5,1,0,113.8278043,4,2014,11,45
190,189,35,8,2,1,249.722844626,18,2014,11,46
191,190,31,2,1,0,108.632721133,4,2014,11,45
192,191,3,4,1,0,67.9776964532,2,2014,11,45
193,192,-1,2,0,0,86.7615269792,10,2014,11,46
194,193,3,8,1,0,177.245045636,6,2014,11,45
195,194,3,2,1,1,0.0,1,2014,11,45
196,196,54,7,0,1,299.648710073,21,2014,11,47
197,197,44,2,1,1,148.564753809,7,2014,11,46
198,198,13,2,1,0,206.710289056,10,2014,11,46
199,199,45,5,0,1,241.900761817,15,2014,11,47
200,200,3,4,1,0,85.9152407627,2,2014,11,46
201,201,3,2,1,0,0.0,0,2014,11,45
202,202,3,2,1,0,159.16602353,2,2014,11,46
203,203,-1,2,0,0,75.5340441622,1,2014,11,45
204,204,-1,2,0,0,0.0,6,2014,11,46
205,205,-1,2,0,0,195.590581702,6,2014,11,46
206,206,-1,3,0,0,211.19487385,10,2014,11,46
207,207,3,2,1,1,0.0,0,2014,11,46
208,208,3,7,1,0,107.142512341,9,2014,11,46
209,209,3,3,1,0,37.2360408643,1,2014,11,46
210,210,3,6,1,1,129.857881367,3,2014,11,46
211,211,3,2,1,0,0.0,1,2014,11,46
212,212,3,3,1,0,84.2218870137,3,2014,11,46
213,213,42,2,1,0,0.0,1,2014,11,46
214,214,13,2,1,0,0.0,0,2014,11,46
215,215,13,2,1,0,97.2039024129,3,2014,11,46
216,216,39,3,1,0,133.081215204,6,2014,11,46
217,217,3,4,1,0,43.1502481258,3,2014,11,46
218,224,3,17,1,1,269.716994002,11,2014,11,46
219,218,3,2,1,0,198.010276246,4,2014,11,46
220,219,3,3,1,0,149.69024106,2,2014,11,46
221,220,3,10,1,1,202.817373562,9,2014,11,47
222,221,3,3,1,0,97.6003143867,2,2014,11,46
223,222,3,2,1,0,26.6879792126,2,2014,11,46
224,223,3,4,1,0,135.72822918,4,2014,11,46
225,225,43,5,1,0,143.32841515,16,2014,11,48
226,226,3,2,1,0,127.903738274,1,2014,11,46
227,227,46,3,0,1,193.544016435,1,2014,11,46
228,228,3,4,1,0,127.878535639,2,2014,11,47
229,229,3,2,1,0,82.1910072039,3,2014,11,46
230,230,32,3,1,0,70.0498396838,3,2014,11,47
231,231,13,4,1,0,111.954450343,1,2014,11,47
232,232,21,2,1,1,173.555763607,9,2014,11,47
233,233,3,2,1,1,68.4157273727,0,2014,11,46
234,234,-1,2,0,0,74.1347721125,2,2014,11,47
235,235,3,2,1,0,0.0,0,2014,11,46
236,236,3,2,1,0,129.413682564,6,2014,11,47
237,237,34,29,2,0,286.778348184,23,2014,11,48
238,238,3,4,1,0,198.84733969,5,2014,11,47
239,239,3,2,1,0,100.121540709,0,2014,11,47
240,240,-1,2,0,0,237.295117241,7,2014,11,47
241,241,3,4,1,0,32.3129878812,3,2014,11,47
242,242,38,3,1,0,138.268354876,10,2014,11,47
243,243,47,7,0,1,52.2798987764,14,2014,11,48
244,244,3,5,1,1,119.067557893,7,2014,11,47
245,245,-1,3,0,0,40.3980458603,3,2014,11,47
246,246,-1,2,0,0,188.289084857,2,2014,11,47
247,247,13,2,1,0,218.230486534,6,2014,11,47
248,248,3,3,1,0,63.0122682283,1,2014,11,47
249,249,3,2,1,0,105.248630972,1,2014,11,47
250,250,3,3,1,0,71.389389146,3,2014,11,47
251,251,3,4,1,0,72.7781602191,5,2014,11,47
252,252,3,2,1,0,0.0,0,2014,11,47
253,253,-1,2,0,0,79.0295880173,0,2014,11,47
254,254,48,6,1,1,147.245823595,5,2014,11,47
255,255,3,14,1,0,202.968467424,13,2014,11,48
256,256,3,2,1,0,0.0,3,2014,11,47
257,257,-1,5,0,0,177.760419056,16,2014,11,48
258,258,22,3,1,0,156.385056008,7,2014,11,48
259,259,-1,3,0,0,208.219957371,5,2014,11,47
260,260,3,3,1,0,34.9102312529,3,2014,11,47
261,261,3,2,1,0,117.038779193,2,2014,11,47
262,262,3,2,1,0,48.1156482315,7,2014,11,47
263,263,3,2,1,0,29.8146554563,3,2014,11,47
264,264,-1,2,0,0,0.0,11,2014,11,48
265,265,3,25,2,0,213.868135319,16,2014,11,48
266,266,-1,2,0,0,157.837024495,3,2014,11,47
267,267,3,4,1,0,78.7205679516,8,2014,11,48
268,268,3,3,1,0,0.0,3,2014,11,47
269,269,-1,2,0,0,226.467932326,7,2014,11,48
270,270,3,2,1,0,217.870919971,1,2014,11,47
271,271,44,5,1,0,214.038644571,13,2014,12,49
272,272,3,3,1,1,73.8190394885,2,2014,11,47
273,273,3,4,1,1,71.525606694,7,2014,11,48
274,274,3,16,1,0,253.712807028,17,2014,11,48
275,275,-1,2,0,0,198.543959733,4,2014,11,48
276,276,49,3,0,1,186.904127528,10,2014,11,48
277,277,3,2,1,0,90.0978500421,0,2014,11,47
278,278,3,7,1,0,213.288191077,18,2014,12,49
279,279,-1,3,0,0,44.1986566325,1,2014,11,48
280,280,-1,3,0,0,0.0,6,2014,11,48
281,281,3,2,1,0,0.0,0,2014,11,48
282,282,-1,2,0,0,54.7782728052,1,2014,11,48
283,283,37,2,1,0,37.0230532767,5,2014,11,48
284,284,3,4,1,0,89.483114,5,2014,11,48
285,285,50,3,0,1,186.449516726,7,2014,11,48
286,286,42,3,1,1,112.93233789,5,2014,11,48
287,287,41,4,1,0,283.802032158,10,2014,11,48
288,288,51,2,0,1,0.0,0,2014,11,48
289,289,24,3,1,0,73.6591387215,6,2014,11,48
290,290,3,2,1,0,61.6938180353,1,2014,11,48
291,291,52,3,0,1,0.0,8,2014,11,48
292,292,32,2,1,0,0.0,0,2014,11,48
293,293,53,4,0,1,149.137805899,8,2014,11,48
294,294,3,2,1,0,93.4310561733,0,2014,11,48
295,295,-1,2,0,0,0.0,1,2014,11,48
296,296,25,9,1,0,139.846884202,17,2014,12,49
297,297,-1,6,0,0,123.683998585,5,2014,11,48
298,298,3,3,1,0,103.611003539,2,2014,11,48
299,299,3,2,1,1,139.331726805,4,2014,11,48
300,300,3,2,1,0,55.8331631988,7,2014,11,48
301,301,3,4,1,0,97.3491182037,3,2014,11,48
302,302,40,2,1,1,168.388245692,4,2014,11,48
303,303,-1,2,0,0,146.168150951,0,2014,11,48
304,304,3,2,1,0,52.0558182145,2,2014,11,48
305,305,-1,3,0,0,38.2816901805,1,2014,11,48
306,306,34,2,1,0,0.0,5,2014,11,48
307,309,3,7,1,2,208.46655542,12,2014,12,49
308,307,3,2,1,0,64.8373596342,0,2014,11,48
309,308,-1,2,0,0,0.0,3,2014,11,48
310,310,3,3,1,1,50.7131389888,2,2014,11,48
311,311,24,2,1,0,147.47696258,6,2014,12,49
312,312,3,2,1,0,88.4276645798,3,2014,11,48
313,313,3,2,1,0,182.460524521,4,2014,11,48
314,314,21,2,1,0,166.754777806,3,2014,11,48
315,315,-1,2,0,0,61.8744000505,1,2014,11,48
316,316,-1,2,0,0,25.5983340745,3,2014,11,48
317,317,3,7,2,1,177.206010164,7,2014,12,49
318,318,3,2,1,0,53.5022635671,5,2014,12,49
319,319,3,3,1,1,212.301812857,3,2014,12,49
320,320,3,6,1,1,127.225863502,6,2014,11,48
321,321,34,2,1,0,60.2536009341,5,2014,12,49
322,322,3,2,1,0,18.8319562422,1,2014,11,48
323,323,-1,2,0,0,0.0,5,2014,12,49
324,324,3,2,1,0,29.2462942441,0,2014,11,48
325,325,3,2,1,0,81.1000036006,1,2014,11,48
326,326,36,5,1,0,242.407349392,8,2014,12,49
327,327,3,3,1,0,161.151500639,3,2014,12,49
328,328,35,4,2,0,137.52379957,5,2014,12,49
329,329,3,2,1,0,0.0,2,2014,12,49
330,330,3,9,2,0,143.467366482,21,2014,12,50
331,331,3,2,1,0,0.0,0,2014,12,49
332,332,3,2,1,0,64.3935132077,4,2014,12,49
333,333,3,5,1,1,216.563403686,6,2014,12,49
334,334,-1,2,0,0,0.0,0,2014,12,49
335,335,-1,3,0,0,188.094354087,8,2014,12,49
336,351,3,16,1,0,236.362340626,9,2014,12,50
337,336,-1,2,0,0,110.383468089,2,2014,12,49
338,337,3,13,1,1,62.423699094,6,2014,12,49
339,338,-1,2,0,0,0.0,1,2014,12,49
340,339,3,2,0,1,0.0,1,2014,12,49
341,344,48,16,2,0,279.020330956,17,2014,12,50
342,340,-1,2,0,0,156.288420195,6,2014,12,49
343,341,-1,8,0,0,143.056310658,10,2014,12,49
344,342,-1,3,0,0,92.1118783096,2,2014,12,49
345,343,3,3,1,1,291.954067748,5,2014,12,49
346,345,3,5,1,0,80.7637782388,4,2014,12,49
347,346,-1,2,0,0,128.40829733,3,2014,12,49
348,347,3,3,1,0,120.852388014,3,2014,12,49
349,348,35,2,1,0,0.0,4,2014,12,49
350,349,45,2,1,0,153.519606889,5,2014,12,49
351,350,-1,3,0,0,103.246691423,2,2014,12,49
352,352,3,5,1,0,162.270611232,6,2014,12,49
353,353,3,2,1,0,0.0,4,2014,12,50
354,354,33,2,1,0,0.0,0,2014,12,49
355,355,3,2,1,0,0.0,3,2014,12,49
356,356,3,3,1,0,102.810750509,2,2014,12,50
357,357,42,4,1,0,36.9807082513,6,2014,12,50
358,358,3,5,1,0,80.57779928,7,2014,12,50
359,359,3,5,1,0,274.441768706,12,2014,12,50
360,360,3,6,1,0,279.308872111,7,2014,12,50
361,361,3,3,1,0,101.491545101,7,2014,12,50
362,362,-1,3,0,0,118.242590387,4,2014,12,50
363,363,49,3,1,0,200.985025251,4,2014,12,50
364,364,46,2,1,0,47.7760364395,3,2014,12,50
365,365,-1,3,0,0,89.3433480859,5,2014,12,50
366,366,-1,4,0,0,184.239952268,1,2014,12,50
367,367,3,2,1,0,186.08674904,1,2014,12,50
368,368,3,4,1,0,189.770963517,7,2014,12,50
369,369,3,4,1,0,149.028778752,8,2014,12,50
370,370,3,4,1,0,106.209420412,4,2014,12,50
371,371,3,5,2,1,135.16579307,5,2014,12,50
372,372,3,2,1,0,61.713889365,1,2014,12,50
373,373,50,3,1,0,280.507961626,14,2014,12,51
374,374,3,4,1,0,246.157634839,6,2014,12,50
375,375,27,3,1,0,254.42707275,4,2014,12,50
376,376,52,4,1,0,107.818568066,11,2014,12,50
377,377,3,2,1,0,105.910205589,10,2014,12,51
378,378,3,3,1,0,191.099688491,2,2014,12,50
379,379,3,2,1,0,0.0,1,2014,12,50
380,380,54,3,1,1,116.177303775,10,2014,12,51
381,381,3,2,1,0,136.921845489,2,2014,12,50
382,382,3,2,1,0,112.667286736,4,2014,12,50
383,383,3,3,1,0,110.456659688,7,2014,12,51
384,384,3,2,1,0,205.345452149,0,2014,12,50
385,385,3,4,2,0,194.288195271,5,2014,12,50
386,386,3,2,1,0,0.0,3,2014,12,50
387,387,3,3,1,0,270.403190616,4,2014,12,50
388,388,26,7,1,0,149.743805894,12,2014,12,51
389,389,-1,2,0,0,78.2717024684,3,2014,12,50
390,390,3,2,1,0,195.306864245,2,2014,12,51
391,391,40,3,1,0,40.1109290014,5,2014,12,51
392,392,3,2,1,0,59.960899311,3,2014,12,51
393,393,3,2,1,0,74.3892623545,6,2014,12,51
394,394,3,2,1,0,98.6015996965,1,2014,12,51
395,395,47,2,1,0,67.1437106092,3,2014,12,51
396,396,3,2,1,0,193.432655125,1,2014,12,51
397,397,3,2,1,0,0.0,0,2014,12,51
398,398,3,2,1,0,118.670212225,0,2014,12,51
399,399,3,5,3,0,201.995383412,6,2014,12,51
400,400,51,5,1,0,149.427040394,4,2014,12,51
401,401,3,4,1,0,229.044413523,4,2014,12,51
402,402,3,3,1,0,0.0,0,2014,12,51
403,403,3,2,1,0,192.57697875,4,2014,12,51
404,404,-1,4,0,0,280.769919565,3,2014,12,51
405,405,3,2,1,0,93.1882842888,4,2014,12,51
406,406,3,5,1,0,196.547967373,3,2014,12,51
407,407,3,2,1,0,126.765254602,6,2014,12,52
408,408,-1,2,0,0,136.734213014,2,2014,12,51
409,409,35,2,1,0,209.703911358,1,2014,12,51
410,410,3,2,1,0,66.4003860452,4,2014,12,52
411,411,3,2,1,0,98.310512691,5,2014,12,52
412,412,3,2,1,0,71.6932697453,2,2014,12,51
413,413,55,2,0,1,122.121349418,4,2014,12,52
414,414,3,5,1,0,96.1692462773,18,2014,1,1
415,415,22,2,1,0,206.081394488,1,2014,12,51
416,416,53,2,1,0,95.290429837,7,2014,12,52
417,417,3,2,1,0,33.0140537868,3,2014,12,52
418,418,-1,2,0,0,132.752981907,6,2014,12,52
419,419,3,3,2,0,128.163815143,8,2014,12,52
420,420,-1,3,0,0,74.2476624357,9,2014,12,52
421,421,3,3,1,0,184.776170508,5,2014,12,52
422,422,3,2,1,0,167.238823359,2,2014,12,52
423,423,3,3,1,0,163.064698142,6,2014,12,52
424,424,40,2,1,0,0.0,2,2014,12,52
425,425,3,3,1,0,182.957955418,5,2014,12,52
426,426,3,3,1,0,145.757447636,6,2014,12,1
427,427,3,2,1,0,119.598464642,3,2014,1,1
428,428,54,2,1,0,0.0,0,2014,1,2
429,429,-1,2,0,0,183.261604411,7,2014,1,3
430,430,-1,2,0,0,0.0,1,2014,1,2
431,431,3,2,1,0,129.125603755,10,2014,1,3
432,432,55,3,1,0,96.4774878671,5,2014,1,3
0,0,0,21,0,1,222.451302521,26,2015,6,23
1,1,-1,3,0,0,0.0,10,2015,6,23
2,2,0,2,1,0,0.0,2,2015,6,24
3,3,-1,2,0,0,0.0,2,2015,7,27
4,24,1,13198,0,178,3137.2379204,167,2015,11,45
5,4,-1,2,0,0,0.0,8,2015,8,33
6,5,2,5,0,2,146.085472177,7,2015,8,33
7,6,-1,2,0,0,17.7845050982,8,2015,8,34
8,7,-1,5,0,0,319.257157871,6,2015,8,34
9,8,3,2,0,1,74.4817311469,5,2015,8,34
10,9,17,2,0,1,0.0,0,2015,8,35
11,10,4,2,0,1,0.0,3,2015,8,35
12,11,-1,5,0,0,213.75759255,10,2015,9,36
13,12,-1,5,0,0,193.71914247,18,2015,9,36
14,13,-1,3,0,0,193.359315704,10,2015,9,36
15,14,-1,2,0,0,132.839263849,9,2015,9,36
16,15,5,5,0,1,0.0,5,2015,8,35
17,16,2,2,1,0,0.0,0,2015,8,35
18,17,-1,5,0,0,51.6574190477,6,2015,9,36
19,18,6,119,0,1,376.151504382,45,2015,9,39
20,19,-1,6,0,0,160.51543963,4,2015,9,36
21,20,13,7,0,1,209.295801808,11,2015,9,36
22,21,7,6,0,1,142.750536856,9,2015,9,36
23,22,42,3,0,1,136.577523681,2,2015,9,36
24,23,3,19,1,0,468.414677623,18,2015,9,38
25,25,-1,2,0,0,147.288154262,2,2015,9,36
26,26,42,14,0,1,515.338531629,27,2015,9,39
27,27,-1,3,0,0,156.017261049,15,2015,9,37
28,28,-1,3,0,0,230.612629341,6,2015,9,37
29,29,15,5,0,1,316.679247773,6,2015,9,36
30,30,-1,3,0,0,182.743507392,6,2015,9,36
31,31,-1,69,0,0,326.889052166,98,2015,11,45
32,32,2,2,1,0,172.024552743,3,2015,9,36
33,33,8,2,0,1,41.3601669777,1,2015,9,36
34,34,-1,2,0,0,71.8174738268,4,2015,9,37
35,35,-1,3,0,0,143.183900014,7,2015,9,37
36,36,-1,2,0,0,0.0,1,2015,9,37
37,37,-1,32,0,0,184.489413329,34,2015,9,39
38,38,9,2,0,1,0.0,5,2015,9,37
39,39,-1,3,0,0,0.0,9,2015,9,38
40,40,10,9,0,1,242.913833338,10,2015,9,37
41,41,11,2,0,1,160.301155799,0,2015,9,37
42,42,-1,4,0,0,210.705989383,6,2015,9,37
43,43,5,3,1,0,68.5638304884,11,2015,9,38
44,44,4,4,1,1,182.913521862,9,2015,9,38
45,45,-1,3,0,0,181.706075411,3,2015,9,37
46,46,12,6,0,2,213.607286281,11,2015,9,38
47,47,-1,2,0,0,51.6335409744,0,2015,9,37
48,48,-1,2,0,0,0.0,4,2015,9,38
49,49,-1,4,0,0,314.663484533,19,2015,9,38
50,53,-1,5,0,0,282.738752286,12,2015,9,38
51,50,-1,9,0,0,210.606129534,11,2015,9,38
52,51,17,2,1,1,55.3236663341,7,2015,9,38
53,52,13,179,1,4,487.553527292,94,2015,11,46
54,54,-1,2,0,0,71.2208566687,2,2015,9,38
55,55,42,305,2,3,871.286617117,104,2015,11,46
56,56,9,9,1,1,362.645797131,37,2015,9,40
57,57,-1,3,0,0,152.240265672,7,2015,9,38
58,58,18,4,0,1,199.457031858,7,2015,9,39
59,59,-1,2,0,0,242.58295676,0,2015,9,38
60,60,14,2,0,1,77.1862018244,10,2015,9,39
61,61,8,5,1,0,221.630486398,9,2015,9,39
62,62,15,4,1,1,228.363193665,10,2015,9,39
63,63,-1,3,0,0,0.0,12,2015,9,39
64,64,18,4,0,1,160.807163606,14,2015,9,39
65,65,9,2,0,1,55.5129172745,10,2015,9,39
66,66,-1,2,0,0,208.693373669,3,2015,9,39
67,67,-1,2,0,0,16.7912891869,8,2015,9,39
68,68,-1,3,0,0,83.0917692151,4,2015,9,39
69,69,-1,2,0,0,121.261897677,7,2015,9,39
70,70,11,3,1,1,230.334867588,9,2015,9,39
71,71,12,3,1,0,215.35344334,10,2015,10,40
72,72,10,9,1,0,410.210018227,28,2015,10,41
73,73,16,2,0,1,213.763202183,2,2015,9,39
74,74,7,3,1,0,87.5165559633,9,2015,10,40
75,75,-1,4,0,0,232.732337246,11,2015,9,40
76,76,1,2,0,2,169.177478125,9,2015,9,40
77,77,17,27,1,1,196.488931356,55,2015,10,44
78,78,16,2,0,1,129.13730611,11,2015,10,40
79,79,-1,2,0,0,112.403320865,1,2015,9,39
80,83,18,629,2,7,1167.88515723,94,2015,11,47
81,80,-1,2,0,0,126.168944606,10,2015,10,40
82,81,4,5,1,0,220.694909586,13,2015,10,40
83,82,-1,3,0,0,207.337011474,3,2015,9,40
84,84,26,2,0,1,83.2779237318,7,2015,10,40
85,85,-1,2,0,0,57.2853901154,0,2015,10,40
86,86,19,41,0,1,366.875963902,58,2015,11,46
87,87,31,4,0,1,130.94534376,9,2015,10,41
88,88,20,5,0,1,160.139623867,12,2015,10,41
89,89,-1,3,0,0,202.37782684,9,2015,10,41
90,90,-1,4,0,0,167.215258944,7,2015,10,41
91,91,-1,2,0,0,110.265249146,2,2015,10,40
92,92,27,2,0,1,47.9821156417,11,2015,10,41
93,93,1,2,1,0,83.6656576825,2,2015,10,41
94,94,21,3,0,1,134.515531085,6,2015,10,41
95,95,-1,11,0,0,388.884981816,20,2015,10,42
96,96,11,3,0,1,211.700791626,4,2015,10,41
97,97,-1,10,0,0,198.075689073,22,2015,10,43
98,98,1,130,2,5,599.403636909,88,2015,11,47
99,99,11,42,2,2,411.999408786,49,2015,11,45
100,100,-1,2,0,0,206.269574024,6,2015,10,42
101,101,-1,3,0,0,110.360567258,9,2015,10,41
102,102,22,5,0,1,173.86163533,11,2015,10,42
103,103,-1,3,0,0,147.442328031,10,2015,10,42
104,104,23,2,0,1,49.6581044027,8,2015,10,42
105,105,-1,2,0,0,126.041904848,2,2015,10,42
106,106,24,2,0,1,0.0,7,2015,10,42
107,107,25,157,0,6,558.335005171,77,2015,11,47
108,108,26,3,1,1,221.318071952,10,2015,10,42
109,109,12,2,1,1,95.1926797248,1,2015,10,42
110,110,14,2,1,0,0.0,0,2015,10,42
111,111,15,3,1,0,0.0,6,2015,10,42
112,112,16,55,2,1,350.959519361,64,2015,11,47
113,113,-1,2,0,0,208.14139288,2,2015,10,42
114,114,27,2,0,1,120.640896476,6,2015,10,43
115,115,-1,2,0,0,0.0,0,2015,10,42
116,116,33,3,0,1,182.614397907,7,2015,10,43
117,117,28,2,0,1,161.106497654,4,2015,10,43
118,118,25,5,0,1,61.4329487899,6,2015,10,43
119,119,6,64,1,0,295.084791933,35,2015,11,45
120,120,-1,5,0,0,186.688571605,23,2015,11,45
121,121,-1,3,0,0,213.119019286,3,2015,10,43
122,122,1,3,2,0,0.0,10,2015,10,43
123,123,-1,2,0,0,57.2565847761,3,2015,10,43
124,124,-1,2,0,0,0.0,0,2015,10,43
125,125,35,6,0,1,86.1726844996,7,2015,10,43
126,126,29,33,0,1,276.953480326,57,2015,11,46
127,127,1,3,1,0,108.841427978,11,2015,10,44
128,128,27,11,2,1,311.415495297,20,2015,11,45
129,129,32,2,0,2,74.5668677335,10,2015,10,44
130,130,24,3,1,0,250.539616005,7,2015,10,44
131,131,9,4,2,0,126.811995658,3,2015,10,44
132,132,30,22,0,1,135.123522459,33,2015,11,45
133,133,20,2,1,0,86.2458340625,2,2015,10,43
134,134,21,29,1,1,199.127493136,30,2015,11,46
135,135,-1,4,0,0,169.562894133,7,2015,10,44
136,136,-1,2,0,0,104.319631529,8,2015,10,44
137,137,22,48,1,1,627.343473356,37,2015,11,46
138,138,25,3,1,1,0.0,10,2015,10,44
139,139,12,2,1,0,43.8522056247,8,2015,11,44
140,140,-1,2,0,0,55.8470035083,6,2015,11,44
141,143,31,6,1,1,268.151938511,6,2015,11,45
142,146,32,10,1,3,438.412868969,24,2015,11,46
143,141,26,33,1,0,252.488618555,77,2015,12,51
144,142,25,2,1,1,44.1378131033,3,2015,11,45
145,144,28,3,1,1,226.631803706,8,2015,11,45
146,145,23,2,1,0,198.493405934,0,2015,11,45
147,147,-1,19,0,0,214.952930717,41,2015,11,49
148,148,-1,2,0,0,249.56971518,3,2015,11,45
149,149,33,5,1,1,199.947882565,11,2015,11,45
150,150,34,2,0,1,96.4955782886,7,2015,11,45
151,151,-1,3,0,0,180.246185725,14,2015,11,46
152,152,1,10,1,1,285.88541737,19,2015,11,47
153,153,18,5,0,1,92.0142332683,6,2015,11,46
154,154,-1,9,0,0,257.386881852,12,2015,11,47
155,155,-1,2,0,0,136.407140155,5,2015,11,46
156,156,-1,2,0,0,179.972175603,1,2015,11,46
157,157,35,12,1,1,406.109812469,10,2015,11,46
158,158,-1,2,0,0,207.53777569,11,2015,11,47
159,159,1,2,1,0,0.0,3,2015,11,46
160,160,-1,2,0,0,92.2659194675,1,2015,11,46
161,161,36,2,0,1,143.976464193,5,2015,11,46
162,162,1,2,1,1,38.5684949299,1,2015,11,46
163,163,-1,3,0,0,213.358117242,7,2015,11,47
164,164,-1,2,0,0,98.053006108,3,2015,11,46
165,165,-1,3,0,0,217.238871798,5,2015,11,46
166,166,1,2,1,1,0.0,2,2015,11,46
167,167,1,3,1,1,46.9861439821,1,2015,11,47
168,168,1,3,1,0,42.2053989366,1,2015,11,47
169,169,1,2,1,0,36.285063577,0,2015,11,46
170,170,25,3,0,1,211.860755109,10,2015,11,47
171,171,1,2,1,0,0.0,2,2015,11,47
172,172,-1,2,0,0,0.0,5,2015,11,47
173,173,1,2,1,1,41.4629640701,1,2015,11,46
174,174,-1,9,0,0,227.529448555,6,2015,11,47
175,175,25,10,3,2,236.332961067,15,2015,11,48
176,176,37,2,0,1,70.9461699083,10,2015,11,47
177,177,34,6,1,1,261.036104152,14,2015,11,47
178,178,28,2,1,2,86.3375553205,5,2015,11,47
179,179,1,2,0,1,47.8254589469,1,2015,11,47
180,180,-1,17,0,0,133.229386048,28,2015,11,48
181,181,-1,2,0,0,0.0,6,2015,11,47
182,182,31,2,1,0,0.0,7,2015,11,47
183,183,-1,2,0,0,115.948559363,3,2015,11,47
184,184,27,2,1,1,132.423163492,7,2015,11,47
185,185,32,4,2,1,236.143886456,12,2015,11,48
186,186,-1,2,0,0,0.0,5,2015,11,47
187,187,1,3,1,0,77.9042342915,1,2015,11,47
188,188,-1,2,0,0,0.0,3,2015,11,47
189,189,1,5,1,0,45.3532678417,1,2015,11,47
190,190,1,2,1,0,0.0,0,2015,11,47
191,191,13,2,1,0,185.509434479,2,2015,11,47
192,192,-1,3,0,0,121.502538125,5,2015,11,48
193,193,1,2,1,0,0.0,1,2015,11,47
194,194,-1,2,0,0,0.0,0,2015,11,47
195,195,27,6,0,1,133.373681359,11,2015,11,48
196,196,1,2,1,0,0.0,0,2015,11,47
197,197,33,5,1,0,234.238957751,17,2015,12,49
198,198,1,3,1,0,65.9120324503,2,2015,11,48
199,199,1,2,1,0,0.0,0,2015,11,48
200,200,-1,2,0,0,0.0,0,2015,11,48
201,201,38,3,0,1,108.850663751,5,2015,11,48
202,202,18,4,1,1,136.089429066,9,2015,11,48
203,203,29,2,1,0,0.0,4,2015,11,48
204,204,-1,2,0,0,58.8742763666,8,2015,11,48
205,205,13,2,1,0,48.2765785194,4,2015,11,48
206,206,1,14,1,1,166.853864251,13,2015,11,49
207,207,1,5,1,0,39.0538985761,5,2015,11,48
208,208,1,2,1,0,0.0,2,2015,11,48
209,209,1,2,1,0,0.0,0,2015,11,48
210,210,1,2,1,0,0.0,2,2015,11,48
211,211,1,2,1,0,0.0,0,2015,11,48
212,212,-1,2,0,0,156.446512869,5,2015,11,48
213,213,1,4,1,0,185.372547652,6,2015,11,48
214,214,1,3,1,1,30.9047449821,1,2015,11,48
215,269,19,21,1,1,617.41586912,21,2015,12,50
216,215,39,5,0,1,142.626033185,5,2015,11,48
217,216,-1,3,0,0,191.271743232,11,2015,12,49
218,217,-1,2,0,0,0.0,1,2015,11,48
219,218,1,2,1,1,29.322938847,1,2015,11,48
220,256,1,8,1,1,311.772522566,12,2015,12,49
221,219,1,2,1,0,0.0,0,2015,11,48
222,220,1,2,1,0,74.0021357615,1,2015,11,48
223,221,1,18,1,2,85.6567242634,13,2015,12,49
224,222,1,2,1,0,67.1551250787,1,2015,11,48
225,223,1,3,1,0,60.5712668863,2,2015,11,48
226,224,1,2,1,1,70.1942431548,1,2015,11,48
227,225,11,10,1,0,189.564540839,24,2015,12,50
228,226,35,2,1,0,207.571990436,7,2015,12,49
229,227,42,2,1,1,102.755516617,3,2015,11,49
230,228,22,2,1,0,181.796416029,1,2015,11,49
231,229,1,2,1,0,77.6846985744,2,2015,12,49
232,230,-1,2,0,0,162.018340784,1,2015,11,49
233,231,1,2,1,0,155.288461814,2,2015,12,49
234,232,1,3,1,1,75.0637776625,3,2015,12,49
235,233,-1,2,0,0,191.938658552,3,2015,12,49
236,234,32,4,1,1,223.387834167,5,2015,12,49
237,235,1,2,1,0,47.2056349914,1,2015,11,49
238,236,21,6,1,0,206.72400016,14,2015,12,50
239,237,25,5,2,1,312.284208863,15,2015,12,50
240,238,1,2,1,0,27.9844018728,2,2015,12,49
241,239,1,2,1,0,15.7721812825,1,2015,12,49
242,240,1,2,1,1,50.8036621342,1,2015,12,49
243,241,-1,2,0,0,0.0,3,2015,12,49
244,242,1,3,1,0,0.0,2,2015,12,49
245,243,1,2,1,0,0.0,0,2015,12,49
246,244,32,3,1,0,88.4147126893,8,2015,12,50
247,245,1,5,1,0,44.3134000318,4,2015,12,49
248,246,40,2,0,1,170.870328936,1,2015,12,49
249,247,1,4,1,1,122.735286713,5,2015,12,50
250,248,1,7,2,1,113.562197344,10,2015,12,50
251,249,37,2,1,0,0.0,4,2015,12,49
252,250,1,3,1,0,80.3951029964,4,2015,12,49
253,251,-1,2,0,0,75.3881888721,2,2015,12,49
254,252,36,2,1,0,90.3785627335,7,2015,12,49
255,253,11,6,1,0,214.950792274,13,2015,12,51
256,254,1,4,2,1,64.4944127539,4,2015,12,49
257,255,25,2,1,0,190.929587222,3,2015,12,49
258,257,1,7,2,0,281.201674013,5,2015,12,49
259,258,41,2,0,1,86.7615269792,7,2015,12,50
260,259,1,2,1,0,81.7239447424,2,2015,12,49
261,260,-1,2,0,0,144.618618523,10,2015,12,50
262,261,1,8,1,0,165.162966049,5,2015,12,49
263,262,1,5,1,0,69.4469220021,8,2015,12,49
264,263,1,4,1,0,11.6527123453,5,2015,12,50
265,264,1,3,1,0,0.0,2,2015,12,50
266,265,1,2,1,0,0.0,1,2015,12,49
267,266,1,6,1,0,121.766633545,4,2015,12,50
268,267,1,2,1,0,0.0,1,2015,12,49
269,268,1,3,1,0,53.0231407656,6,2015,12,50
270,270,1,2,1,0,59.4053803813,1,2015,12,49
271,271,1,2,1,0,122.458646811,2,2015,12,50
272,272,1,2,1,0,129.268396283,2,2015,12,50
273,273,1,2,1,0,61.2015000525,0,2015,12,49
274,274,1,5,1,1,105.065021651,4,2015,12,50
275,275,1,4,1,0,158.910483131,10,2015,12,50
276,276,1,2,1,0,0.0,1,2015,12,50
277,277,1,2,1,0,75.3326187185,1,2015,12,50
278,278,1,29,1,1,483.016415685,29,2015,12,51
279,279,1,2,1,1,98.3443373457,1,2015,12,50
280,280,1,7,1,0,114.205930821,5,2015,12,50
281,281,1,5,1,1,50.1061034211,5,2015,12,50
282,282,-1,2,0,0,208.678751339,4,2015,12,50
283,283,17,3,1,1,194.99173508,3,2015,12,50
284,284,25,2,1,0,121.311787827,3,2015,12,50
285,285,1,2,1,0,80.1516438056,2,2015,12,50
286,297,1,6,1,1,250.204517909,4,2015,12,50
287,358,18,35,1,1,367.419280424,27,2015,12,51
288,286,1,6,1,0,121.920016765,14,2015,12,50
289,287,1,2,1,1,85.7446771551,0,2015,12,50
290,288,1,3,1,0,165.920788828,4,2015,12,50
291,289,1,3,1,0,0.0,0,2015,12,50
292,290,1,3,1,0,164.069090912,2,2015,12,50
293,291,1,2,1,0,80.2114749932,1,2015,12,50
294,292,30,2,1,0,61.6735598679,8,2015,12,50
295,293,1,3,1,0,75.9084203188,2,2015,12,50
296,294,1,4,1,1,165.125938189,6,2015,12,50
297,295,1,2,1,0,0.0,2,2015,12,50
298,296,1,3,0,1,50.8353859173,1,2015,12,50
299,298,42,3,1,1,204.549731575,7,2015,12,50
300,299,1,3,1,0,0.0,2,2015,12,50
301,300,-1,2,0,0,0.0,7,2015,12,50
302,301,38,2,1,0,245.172216176,8,2015,12,50
303,302,1,2,1,0,59.6521563427,1,2015,12,50
304,310,18,4,1,0,90.8215225528,2,2015,12,50
305,389,1,8,1,2,232.060260717,13,2015,12,51
306,303,1,3,1,1,45.9975806749,3,2015,12,50
307,304,28,3,1,0,0.0,4,2015,12,50
308,305,18,23,2,0,575.162491885,31,2015,12,52
309,306,1,4,1,1,82.3862182863,3,2015,12,50
310,307,1,5,1,1,94.9332858957,2,2015,12,50
311,308,1,2,1,1,68.2062243159,3,2015,12,50
312,309,1,5,1,0,122.008333492,3,2015,12,50
313,311,1,3,1,0,76.4126246514,4,2015,12,50
314,312,1,18,2,2,338.414447557,23,2015,12,51
315,313,1,2,1,0,0.0,2,2015,12,50
316,314,1,3,1,0,123.14420457,2,2015,12,50
317,315,-1,2,0,0,0.0,1,2015,12,50
318,316,-1,2,0,0,247.78265921,8,2015,12,51
319,317,1,3,1,0,132.156445459,5,2015,12,51
320,318,1,2,1,0,0.0,1,2015,12,50
321,319,1,5,1,0,259.140942422,9,2015,12,51
322,320,1,3,1,0,50.7474677529,2,2015,12,50
323,321,1,3,1,2,94.0620367899,4,2015,12,50
324,322,1,2,1,0,59.0532648521,2,2015,12,50
325,323,28,2,1,0,93.1132055753,1,2015,12,50
326,324,1,7,1,1,180.887646606,8,2015,12,51
327,325,25,2,1,0,0.0,6,2015,12,51
328,326,25,2,1,0,151.531832935,5,2015,12,51
329,327,1,2,1,1,97.3841924837,1,2015,12,50
330,328,1,2,1,0,75.6016379035,0,2015,12,50
331,329,1,2,1,0,55.8566996809,1,2015,12,50
332,330,1,4,1,0,156.575920142,5,2015,12,51
333,331,18,14,1,0,216.599411244,16,2015,12,51
334,332,1,3,1,0,36.8848796645,0,2015,12,50
335,333,43,3,0,1,26.8880555911,4,2015,12,51
336,334,1,4,1,1,89.045591046,5,2015,12,51
337,335,1,3,1,0,142.270190906,2,2015,12,51
338,336,1,2,1,0,72.8777869683,3,2015,12,51
339,337,1,3,1,0,0.0,3,2015,12,51
340,338,1,2,1,0,0.0,2,2015,12,51
341,339,1,4,1,0,256.499121857,4,2015,12,51
342,340,25,2,1,0,219.170838438,2,2015,12,51
343,341,1,10,1,0,234.064517555,5,2015,12,51
344,342,1,2,1,0,33.8069748245,0,2015,12,51
345,343,-1,2,0,0,0.0,2,2015,12,51
346,344,-1,2,0,0,15.1888763541,0,2015,12,51
347,345,1,3,1,0,106.575353114,5,2015,12,51
348,346,13,3,1,0,165.967952934,6,2015,12,51
349,347,1,2,1,0,0.0,1,2015,12,51
350,348,1,9,2,1,261.208884911,8,2015,12,51
351,349,1,2,0,1,89.8316703096,1,2015,12,51
352,350,32,3,1,0,262.19847785,11,2015,12,51
353,351,1,7,1,1,147.567234135,4,2015,12,51
354,352,27,6,2,0,279.668541482,6,2015,12,51
355,353,1,6,1,0,294.081034772,6,2015,12,51
356,354,42,2,1,0,0.0,1,2015,12,51
357,355,1,9,1,0,200.520009313,5,2015,12,51
358,356,1,4,1,1,237.891261573,4,2015,12,51
359,357,40,2,1,0,46.0489449394,5,2015,12,51
360,359,1,6,1,0,353.369703467,8,2015,12,52
361,360,1,2,1,0,57.0565265406,0,2015,12,51
362,361,1,4,1,0,107.23720224,3,2015,12,51
363,362,1,5,3,0,193.476771535,3,2015,12,51
364,363,1,9,1,1,197.541141068,4,2015,12,51
365,364,-1,4,0,0,79.2934481789,3,2015,12,51
366,365,1,2,1,1,156.961718762,1,2015,12,51
367,366,1,3,1,0,244.235551031,3,2015,12,51
368,367,-1,2,0,0,40.0996965454,1,2015,12,51
369,368,1,5,1,0,333.148321827,4,2015,12,51
370,369,1,7,1,1,340.048979864,7,2015,12,52
371,370,-1,2,0,0,79.9638301747,1,2015,12,51
372,371,1,4,2,0,51.2578866426,9,2015,12,52
373,372,1,3,1,0,85.7575064714,3,2015,12,51
374,373,1,2,1,0,201.165578196,1,2015,12,51
375,374,1,17,1,1,285.086183046,13,2015,12,52
376,375,-1,2,0,0,0.0,9,2015,12,52
377,376,1,2,1,1,49.033505738,3,2015,12,51
378,377,1,2,1,0,63.7007197901,2,2015,12,51
379,378,1,2,1,0,0.0,1,2015,12,51
380,379,1,7,2,0,162.505673183,24,2015,12,52
381,380,32,3,1,0,335.697410101,5,2015,12,51
382,381,1,6,1,1,307.415522766,5,2015,12,51
383,382,1,3,1,0,44.4072751173,2,2015,12,51
384,387,1,19,1,0,424.764970445,19,2015,12,52
385,383,1,2,1,0,51.7974618304,0,2015,12,51
386,384,1,2,1,1,31.7096336732,0,2015,12,51
387,385,1,2,1,0,33.5646967962,3,2015,12,51
388,386,1,3,1,0,103.792864416,10,2015,12,51
389,388,1,2,1,0,93.0045163789,0,2015,12,51
390,390,1,28,6,2,393.091025861,29,2015,12,53
391,391,41,2,1,0,138.997196189,9,2015,12,52
392,392,1,2,1,1,44.0818960772,4,2015,12,52
393,393,1,2,1,0,122.44979751,9,2015,12,52
394,394,1,5,1,0,149.103998722,10,2015,12,52
395,395,18,2,1,0,38.8079758157,2,2015,12,51
396,396,1,2,1,1,66.6845485803,4,2015,12,52
397,397,13,8,1,0,200.360078381,15,2015,12,52
398,398,-1,2,0,0,19.9585251032,4,2015,12,52
399,399,1,4,1,1,148.10505243,3,2015,12,51
400,400,1,2,1,0,0.0,0,2015,12,51
401,401,1,2,1,0,86.9106022121,1,2015,12,51
402,402,1,2,1,0,92.6259082932,1,2015,12,51
403,403,34,2,1,0,90.7993593468,4,2015,12,52
404,404,1,4,1,0,143.627019281,11,2015,12,53
405,405,-1,5,0,0,207.454409038,15,2015,12,53
406,406,-1,2,0,0,96.8963642295,2,2015,12,52
407,407,-1,2,0,0,91.2149003853,0,2015,12,52
408,408,1,3,1,0,140.74672108,1,2015,12,52
409,409,1,2,1,0,78.9006319078,1,2015,12,52
410,410,1,2,1,0,0.0,2,2015,12,52
411,411,1,3,1,0,185.893210148,7,2015,12,52
412,412,1,5,1,0,113.28247733,21,2015,12,53
413,413,1,3,1,0,140.950195315,7,2015,12,52
414,414,42,3,2,0,168.120071894,9,2015,12,52
415,415,-1,2,0,0,96.8440117872,1,2015,12,52
416,416,1,4,1,0,128.741229809,13,2015,12,53
417,417,1,19,3,0,519.518743494,11,2015,12,52
418,418,39,3,1,0,130.399524881,5,2015,12,52
419,419,25,2,1,0,35.6730660909,2,2015,12,52
420,420,-1,3,0,0,186.963068857,3,2015,12,52
421,421,1,2,1,0,19.9587629175,3,2015,12,52
422,422,1,2,1,0,58.3641225982,1,2015,12,52
423,423,1,4,2,0,163.829185506,3,2015,12,52
424,424,1,8,1,0,257.572784148,10,2015,12,53
425,425,18,2,1,0,78.8619857303,5,2015,12,52
426,426,-1,7,0,0,143.870761601,11,2015,12,53
427,427,1,4,2,0,166.569195319,11,2015,12,53
428,428,1,3,1,0,259.456289073,1,2015,12,52
429,429,1,2,1,0,0.0,5,2015,12,52
430,430,1,2,1,0,88.6558887949,1,2015,12,52
431,431,1,5,1,0,98.5437556544,7,2015,12,53
432,432,1,2,1,0,128.919167925,5,2015,12,53
433,433,1,2,1,0,189.354479076,1,2015,12,52
434,434,-1,2,0,0,81.6805266091,2,2015,12,53
435,435,17,2,1,0,83.9965726595,4,2015,12,53
436,436,1,7,3,0,239.400202006,16,2015,1,1
437,437,1,5,2,0,255.459497292,6,2015,12,53
438,438,1,5,2,0,274.926039961,4,2015,12,53
439,439,1,9,1,0,180.767393923,18,2015,1,1
440,440,1,2,1,0,147.716034171,3,2015,12,53
441,441,1,7,2,0,237.697572355,17,2015,1,1
442,442,-1,2,0,0,143.137371873,4,2015,12,53
443,443,1,4,2,0,158.309386895,6,2015,1,53
444,444,1,2,1,0,202.133573106,3,2015,12,53
445,445,16,2,1,1,164.060216121,10,2015,1,53
446,446,1,2,1,0,0.0,3,2015,12,53
447,447,1,4,1,0,152.282051727,7,2015,1,53
448,448,1,3,1,0,200.364405146,8,2015,1,53
449,449,1,2,0,1,209.433403856,2,2015,12,53
450,450,1,4,1,1,232.255252069,13,2015,1,1
451,451,1,2,1,0,47.0990605435,1,2015,12,53
452,452,-1,2,0,0,0.0,5,2015,1,53
453,453,-1,2,0,0,229.983250329,2,2015,1,53
454,454,43,5,1,0,226.642890699,14,2015,1,1
455,455,1,2,1,0,102.486447191,5,2015,1,1
456,456,1,2,1,0,0.0,6,2015,1,1
457,457,1,4,1,0,331.031677963,4,2015,1,1
458,458,1,5,1,0,188.518073162,2,2015,1,53
459,459,1,2,1,0,179.138441062,4,2015,1,1
460,460,1,2,1,0,83.7049972656,3,2015,1,1
461,461,-1,2,0,0,131.794959558,4,2015,1,1
462,462,1,2,1,0,220.767612371,1,2015,1,1
463,463,19,2,1,0,140.137304651,1,2015,1,1
464,464,-1,2,0,0,93.3693383951,2,2015,1,1
465,465,1,4,2,0,270.73939101,5,2015,1,1
466,466,1,5,3,0,334.183758705,7,2015,1,2
467,467,1,4,1,0,258.600569464,13,2015,1,1
468,468,-1,2,0,0,0.0,9,2015,1,2
469,469,1,2,1,0,0.0,3,2015,1,1
470,470,1,6,3,0,175.342305587,9,2015,1,2
471,471,1,4,1,0,392.66629532,2,2015,1,1
472,472,1,2,1,0,40.6951165506,5,2015,1,2
473,473,1,3,1,0,167.83797764,7,2015,1,2
474,474,1,6,3,0,417.094340135,5,2015,1,2
475,475,-1,2,0,0,58.4329059888,4,2015,1,2
476,476,18,3,1,0,206.135268248,5,2015,1,2
477,477,18,3,1,0,76.3571899944,1,2015,1,2
478,478,1,2,1,0,179.352932346,2,2015,1,2
479,479,-1,3,0,0,54.1874338954,9,2015,1,2
480,480,1,2,1,0,105.03602162,6,2015,1,2
481,481,16,5,1,0,134.346085458,14,2015,1,3
482,482,1,2,1,0,154.523383865,11,2015,1,3
483,483,1,2,1,0,64.0464471717,9,2015,1,4
