ind,cluster_id,chain_id,cluster_size,time_length,year
0,0,0,34,20,2001
1,1,-1,2,8,2001
2,2,0,28,31,2001
3,3,0,2,0,2001
4,4,0,49,44,2001
5,5,-1,8,25,2001
6,6,-1,7,14,2001
7,7,0,8,5,2001
8,8,0,2,4,2001
0,0,0,25,19,2006
1,1,0,2,0,2006
2,2,1,2,1,2006
3,3,2,2,3,2006
4,4,0,7,4,2006
5,5,-1,2,2,2006
6,6,2,15,24,2006
7,7,1,2,1,2006
8,8,3,2,2,2006
9,9,0,6,4,2006
10,10,-1,8,4,2006
11,11,6,6,16,2006
12,12,-1,2,1,2006
13,13,0,4,4,2006
14,14,3,5,8,2006
15,15,8,4,8,2006
16,16,0,6,7,2006
17,17,-1,3,5,2006
18,18,9,15,30,2006
19,19,19,5,4,2006
20,20,8,4,2,2006
21,21,3,8,7,2006
22,22,0,4,1,2006
23,23,2,12,8,2006
24,24,19,16,13,2006
25,25,3,2,2,2006
26,26,4,2,3,2006
27,27,3,7,14,2006
28,28,5,3,4,2006
29,29,-1,7,9,2006
30,30,3,2,2,2006
31,31,6,2,1,2006
32,32,3,2,0,2006
33,33,7,3,2,2006
34,34,8,3,2,2006
35,35,9,4,12,2006
36,36,10,9,9,2006
37,37,16,2,4,2006
38,38,-1,2,1,2006
39,39,0,2,1,2006
40,40,11,3,9,2006
41,41,19,3,9,2006
42,42,4,2,2,2006
43,43,-1,3,17,2006
44,44,12,2,3,2006
45,45,13,2,5,2006
46,46,-1,5,5,2006
47,47,14,3,6,2006
48,48,15,6,4,2006
49,49,7,3,9,2006
50,50,6,2,9,2006
51,51,8,8,9,2006
52,52,10,16,12,2006
53,53,-1,7,14,2006
54,54,5,6,5,2006
55,55,-1,11,10,2006
56,56,11,8,15,2006
57,57,-1,2,3,2006
58,58,16,6,11,2006
59,59,-1,3,7,2006
60,60,17,6,12,2006
61,61,18,2,0,2006
62,62,15,8,3,2006
63,63,10,4,4,2006
64,64,9,8,12,2006
65,65,-1,2,4,2006
66,66,12,6,9,2006
67,67,-1,4,4,2006
68,68,19,4,2,2006
69,69,6,2,1,2006
70,70,14,2,1,2006
71,71,13,2,0,2006
72,72,10,3,2,2006
73,73,10,3,8,2006
74,74,20,2,1,2006
75,75,5,2,2,2006
76,76,11,2,8,2006
77,77,20,3,0,2006
78,78,19,6,4,2006
79,79,21,8,9,2006
80,80,17,2,2,2006
81,81,-1,2,3,2006
82,82,8,2,6,2006
83,83,10,4,7,2006
84,84,22,15,13,2006
85,85,-1,2,4,2006
86,86,18,3,2,2006
87,87,-1,3,6,2006
88,88,23,2,3,2006
89,89,24,3,9,2006
90,90,20,38,17,2006
91,91,16,2,2,2006
92,92,21,10,7,2006
93,93,-1,2,5,2006
94,94,-1,3,2,2006
95,95,22,3,1,2006
96,96,21,2,0,2006
97,97,23,3,11,2006
98,98,20,2,1,2006
99,99,-1,2,4,2006
100,100,24,2,0,2006
101,101,-1,2,4,2006
0,0,-1,70,15,2011
1,1,0,5,10,2011
2,2,-1,3,0,2011
3,3,5,20,23,2011
4,4,1,4,4,2011
5,5,-1,3,3,2011
6,6,-1,5,11,2011
7,7,2,4,8,2011
8,8,9,6,7,2011
9,9,0,4,1,2011
10,10,3,5,11,2011
11,11,4,11,15,2011
12,12,7,3,8,2011
13,13,2,21,21,2011
14,14,1,2,1,2011
15,15,4,8,16,2011
16,16,-1,2,2,2011
17,17,-1,2,2,2011
18,18,5,4,7,2011
19,19,-1,2,11,2011
20,20,3,16,17,2011
21,21,-1,3,8,2011
22,22,-1,3,1,2011
23,23,-1,2,5,2011
24,24,3,3,10,2011
25,25,20,3,2,2011
26,26,4,3,15,2011
27,27,6,2,3,2011
28,28,4,3,5,2011
29,29,4,2,5,2011
30,30,7,2,1,2011
31,31,-1,3,4,2011
32,32,8,7,9,2011
33,33,9,2,3,2011
34,34,5,4,10,2011
35,35,10,5,20,2011
36,36,11,2,5,2011
37,37,4,6,11,2011
38,38,12,5,16,2011
39,39,13,8,7,2011
40,40,19,3,9,2011
41,41,4,7,9,2011
42,42,20,2,7,2011
43,43,21,2,0,2011
44,44,-1,9,22,2011
45,45,14,3,10,2011
46,46,-1,2,2,2011
47,47,15,2,2,2011
48,48,8,20,10,2011
49,49,16,14,12,2011
50,50,4,2,0,2011
51,51,4,10,15,2011
52,52,17,6,6,2011
53,53,7,3,11,2011
54,54,13,11,11,2011
55,55,-1,2,1,2011
56,56,9,2,10,2011
57,57,-1,2,11,2011
58,58,18,3,5,2011
59,59,-1,2,10,2011
60,60,19,2,0,2011
61,61,5,3,2,2011
62,62,20,2,1,2011
63,63,4,5,10,2011
64,64,6,5,5,2011
65,65,21,6,13,2011
66,66,11,6,4,2011
67,67,-1,23,17,2011
68,68,15,6,12,2011
69,69,4,8,10,2011
70,70,22,4,3,2011
71,71,-1,3,12,2011
72,72,23,5,11,2011
73,73,24,3,5,2011
74,74,9,3,1,2011
75,75,-1,2,1,2011
76,76,3,2,0,2011
77,77,-1,6,14,2011
78,78,17,4,8,2011
79,79,20,12,16,2011
80,80,4,4,4,2011
81,81,10,4,4,2011
82,82,-1,2,4,2011
83,83,14,2,4,2011
84,84,19,9,12,2011
85,85,4,2,0,2011
86,86,24,14,16,2011
87,87,18,5,9,2011
88,88,19,2,5,2011
89,89,-1,6,4,2011
90,90,6,2,5,2011
91,91,11,5,9,2011
92,92,21,2,0,2011
93,93,-1,2,0,2011
94,94,-1,3,2,2011
95,95,9,3,6,2011
96,96,-1,2,5,2011
97,97,12,2,3,2011
98,98,-1,3,8,2011
99,99,16,2,0,2011
100,100,21,2,1,2011
101,101,5,2,2,2011
102,102,14,4,2,2011
103,103,18,2,2,2011
104,104,-1,2,1,2011
105,105,23,2,1,2011
106,106,14,4,3,2011
107,107,-1,2,1,2011
108,108,22,2,1,2011
109,109,-1,3,7,2011
110,110,-1,2,4,2011
111,111,4,3,8,2011
112,112,4,2,0,2011
113,113,-1,2,0,2011
114,114,-1,2,2,2011
115,115,19,2,6,2011
116,116,11,2,1,2011
117,117,-1,2,2,2011
118,118,-1,2,0,2011
0,0,-1,6,11,1999
0,0,-1,13,8,2009
1,1,0,2,0,2009
2,2,0,4,7,2009
3,3,-1,3,2,2009
4,4,0,3,1,2009
5,5,-1,2,4,2009
6,6,-1,2,2,2009
7,7,1,4,10,2009
8,8,6,3,10,2009
9,9,2,2,9,2009
10,10,1,6,11,2009
11,11,1,26,22,2009
12,12,3,3,13,2009
13,13,16,3,5,2009
14,14,4,7,6,2009
15,15,5,20,18,2009
16,16,14,3,8,2009
17,19,5,19,29,2009
18,17,1,16,20,2009
19,18,6,2,8,2009
20,20,7,3,3,2009
21,21,16,6,11,2009
22,22,4,10,13,2009
23,23,2,2,4,2009
24,24,-1,2,5,2009
25,25,8,5,9,2009
26,26,3,5,11,2009
27,27,5,6,10,2009
28,28,-1,2,6,2009
29,29,9,5,9,2009
30,30,6,7,12,2009
31,31,5,3,2,2009
32,32,7,11,19,2009
33,33,5,21,18,2009
34,34,10,2,1,2009
35,35,11,6,10,2009
36,36,1,3,6,2009
37,37,12,4,6,2009
38,38,13,4,12,2009
39,39,16,7,7,2009
40,40,8,13,19,2009
41,41,5,3,3,2009
42,42,14,3,4,2009
43,43,15,2,1,2009
44,44,4,4,5,2009
45,45,2,2,0,2009
46,46,5,4,7,2009
47,47,5,14,27,2009
48,48,3,3,4,2009
49,49,12,2,4,2009
50,50,16,6,9,2009
51,51,5,3,5,2009
52,52,16,11,10,2009
53,53,14,4,2,2009
54,54,9,2,2,2009
55,55,7,2,0,2009
56,56,11,3,5,2009
57,57,-1,5,14,2009
58,58,-1,2,1,2009
59,59,10,2,2,2009
60,60,-1,2,2,2009
61,61,4,5,11,2009
62,62,15,3,9,2009
63,68,16,9,12,2009
64,63,5,3,3,2009
65,64,14,4,3,2009
66,65,13,2,2,2009
67,66,-1,2,5,2009
68,67,7,6,11,2009
69,69,-1,4,2,2009
70,70,16,2,2,2009
71,71,14,2,0,2009
72,72,5,2,1,2009
73,73,7,3,2,2009
74,74,7,3,5,2009
0,0,0,21,26,2015
1,1,-1,3,10,2015
2,2,0,2,2,2015
3,3,-1,2,2,2015
4,24,1,13198,167,2015
5,4,-1,2,8,2015
6,5,2,5,7,2015
7,6,-1,2,8,2015
8,7,-1,5,6,2015
9,8,3,2,5,2015
10,9,17,2,0,2015
11,10,4,2,3,2015
12,11,-1,5,10,2015
13,12,-1,5,18,2015
14,13,-1,3,10,2015
15,14,-1,2,9,2015
16,15,5,5,5,2015
17,16,2,2,0,2015
18,17,-1,5,6,2015
19,18,6,119,45,2015
20,19,-1,6,4,2015
21,20,13,7,11,2015
22,21,7,6,9,2015
23,22,42,3,2,2015
24,23,3,19,18,2015
25,25,-1,2,2,2015
26,26,42,14,27,2015
27,27,-1,3,15,2015
28,28,-1,3,6,2015
29,29,15,5,6,2015
30,30,-1,3,6,2015
31,31,-1,69,98,2015
32,32,2,2,3,2015
33,33,8,2,1,2015
34,34,-1,2,4,2015
35,35,-1,3,7,2015
36,36,-1,2,1,2015
37,37,-1,32,34,2015
38,38,9,2,5,2015
39,39,-1,3,9,2015
40,40,10,9,10,2015
41,41,11,2,0,2015
42,42,-1,4,6,2015
43,43,5,3,11,2015
44,44,4,4,9,2015
45,45,-1,3,3,2015
46,46,12,6,11,2015
47,47,-1,2,0,2015
48,48,-1,2,4,2015
49,49,-1,4,19,2015
50,53,-1,5,12,2015
51,50,-1,9,11,2015
52,51,17,2,7,2015
53,52,13,179,94,2015
54,54,-1,2,2,2015
55,55,42,305,104,2015
56,56,9,9,37,2015
57,57,-1,3,7,2015
58,58,18,4,7,2015
59,59,-1,2,0,2015
60,60,14,2,10,2015
61,61,8,5,9,2015
62,62,15,4,10,2015
63,63,-1,3,12,2015
64,64,18,4,14,2015
65,65,9,2,10,2015
66,66,-1,2,3,2015
67,67,-1,2,8,2015
68,68,-1,3,4,2015
69,69,-1,2,7,2015
70,70,11,3,9,2015
71,71,12,3,10,2015
72,72,10,9,28,2015
73,73,16,2,2,2015
74,74,7,3,9,2015
75,75,-1,4,11,2015
76,76,1,2,9,2015
77,77,17,27,55,2015
78,78,16,2,11,2015
79,79,-1,2,1,2015
80,83,18,629,94,2015
81,80,-1,2,10,2015
82,81,4,5,13,2015
83,82,-1,3,3,2015
84,84,26,2,7,2015
85,85,-1,2,0,2015
86,86,19,41,58,2015
87,87,31,4,9,2015
88,88,20,5,12,2015
89,89,-1,3,9,2015
90,90,-1,4,7,2015
91,91,-1,2,2,2015
92,92,27,2,11,2015
93,93,1,2,2,2015
94,94,21,3,6,2015
95,95,-1,11,20,2015
96,96,11,3,4,2015
97,97,-1,10,22,2015
98,98,1,130,88,2015
99,99,11,42,49,2015
100,100,-1,2,6,2015
101,101,-1,3,9,2015
102,102,22,5,11,2015
103,103,-1,3,10,2015
104,104,23,2,8,2015
105,105,-1,2,2,2015
106,106,24,2,7,2015
107,107,25,157,77,2015
108,108,26,3,10,2015
109,109,12,2,1,2015
110,110,14,2,0,2015
111,111,15,3,6,2015
112,112,16,55,64,2015
113,113,-1,2,2,2015
114,114,27,2,6,2015
115,115,-1,2,0,2015
116,116,33,3,7,2015
117,117,28,2,4,2015
118,118,25,5,6,2015
119,119,6,64,35,2015
120,120,-1,5,23,2015
121,121,-1,3,3,2015
122,122,1,3,10,2015
123,123,-1,2,3,2015
124,124,-1,2,0,2015
125,125,35,6,7,2015
126,126,29,33,57,2015
127,127,1,3,11,2015
128,128,27,11,20,2015
129,129,32,2,10,2015
130,130,24,3,7,2015
131,131,9,4,3,2015
132,132,30,22,33,2015
133,133,20,2,2,2015
134,134,21,29,30,2015
135,135,-1,4,7,2015
136,136,-1,2,8,2015
137,137,22,48,37,2015
138,138,25,3,10,2015
139,139,12,2,8,2015
140,140,-1,2,6,2015
141,143,31,6,6,2015
142,146,32,10,24,2015
143,141,26,33,77,2015
144,142,25,2,3,2015
145,144,28,3,8,2015
146,145,23,2,0,2015
147,147,-1,19,41,2015
148,148,-1,2,3,2015
149,149,33,5,11,2015
150,150,34,2,7,2015
151,151,-1,3,14,2015
152,152,1,10,19,2015
153,153,18,5,6,2015
154,154,-1,9,12,2015
155,155,-1,2,5,2015
156,156,-1,2,1,2015
157,157,35,12,10,2015
158,158,-1,2,11,2015
159,159,1,2,3,2015
160,160,-1,2,1,2015
161,161,36,2,5,2015
162,162,1,2,1,2015
163,163,-1,3,7,2015
164,164,-1,2,3,2015
165,165,-1,3,5,2015
166,166,1,2,2,2015
167,167,1,3,1,2015
168,168,1,3,1,2015
169,169,1,2,0,2015
170,170,25,3,10,2015
171,171,1,2,2,2015
172,172,-1,2,5,2015
173,173,1,2,1,2015
174,174,-1,9,6,2015
175,175,25,10,15,2015
176,176,37,2,10,2015
177,177,34,6,14,2015
178,178,28,2,5,2015
179,179,1,2,1,2015
180,180,-1,17,28,2015
181,181,-1,2,6,2015
182,182,31,2,7,2015
183,183,-1,2,3,2015
184,184,27,2,7,2015
185,185,32,4,12,2015
186,186,-1,2,5,2015
187,187,1,3,1,2015
188,188,-1,2,3,2015
189,189,1,5,1,2015
190,190,1,2,0,2015
191,191,13,2,2,2015
192,192,-1,3,5,2015
193,193,1,2,1,2015
194,194,-1,2,0,2015
195,195,27,6,11,2015
196,196,1,2,0,2015
197,197,33,5,17,2015
198,198,1,3,2,2015
199,199,1,2,0,2015
200,200,-1,2,0,2015
201,201,38,3,5,2015
202,202,18,4,9,2015
203,203,29,2,4,2015
204,204,-1,2,8,2015
205,205,13,2,4,2015
206,206,1,14,13,2015
207,207,1,5,5,2015
208,208,1,2,2,2015
209,209,1,2,0,2015
210,210,1,2,2,2015
211,211,1,2,0,2015
212,212,-1,2,5,2015
213,213,1,4,6,2015
214,214,1,3,1,2015
215,269,19,21,21,2015
216,215,39,5,5,2015
217,216,-1,3,11,2015
218,217,-1,2,1,2015
219,218,1,2,1,2015
220,256,1,8,12,2015
221,219,1,2,0,2015
222,220,1,2,1,2015
223,221,1,18,13,2015
224,222,1,2,1,2015
225,223,1,3,2,2015
226,224,1,2,1,2015
227,225,11,10,24,2015
228,226,35,2,7,2015
229,227,42,2,3,2015
230,228,22,2,1,2015
231,229,1,2,2,2015
232,230,-1,2,1,2015
233,231,1,2,2,2015
234,232,1,3,3,2015
235,233,-1,2,3,2015
236,234,32,4,5,2015
237,235,1,2,1,2015
238,236,21,6,14,2015
239,237,25,5,15,2015
240,238,1,2,2,2015
241,239,1,2,1,2015
242,240,1,2,1,2015
243,241,-1,2,3,2015
244,242,1,3,2,2015
245,243,1,2,0,2015
246,244,32,3,8,2015
247,245,1,5,4,2015
248,246,40,2,1,2015
249,247,1,4,5,2015
250,248,1,7,10,2015
251,249,37,2,4,2015
252,250,1,3,4,2015
253,251,-1,2,2,2015
254,252,36,2,7,2015
255,253,11,6,13,2015
256,254,1,4,4,2015
257,255,25,2,3,2015
258,257,1,7,5,2015
259,258,41,2,7,2015
260,259,1,2,2,2015
261,260,-1,2,10,2015
262,261,1,8,5,2015
263,262,1,5,8,2015
264,263,1,4,5,2015
265,264,1,3,2,2015
266,265,1,2,1,2015
267,266,1,6,4,2015
268,267,1,2,1,2015
269,268,1,3,6,2015
270,270,1,2,1,2015
271,271,1,2,2,2015
272,272,1,2,2,2015
273,273,1,2,0,2015
274,274,1,5,4,2015
275,275,1,4,10,2015
276,276,1,2,1,2015
277,277,1,2,1,2015
278,278,1,29,29,2015
279,279,1,2,1,2015
280,280,1,7,5,2015
281,281,1,5,5,2015
282,282,-1,2,4,2015
283,283,17,3,3,2015
284,284,25,2,3,2015
285,285,1,2,2,2015
286,297,1,6,4,2015
287,358,18,35,27,2015
288,286,1,6,14,2015
289,287,1,2,0,2015
290,288,1,3,4,2015
291,289,1,3,0,2015
292,290,1,3,2,2015
293,291,1,2,1,2015
294,292,30,2,8,2015
295,293,1,3,2,2015
296,294,1,4,6,2015
297,295,1,2,2,2015
298,296,1,3,1,2015
299,298,42,3,7,2015
300,299,1,3,2,2015
301,300,-1,2,7,2015
302,301,38,2,8,2015
303,302,1,2,1,2015
304,310,18,4,2,2015
305,389,1,8,13,2015
306,303,1,3,3,2015
307,304,28,3,4,2015
308,305,18,23,31,2015
309,306,1,4,3,2015
310,307,1,5,2,2015
311,308,1,2,3,2015
312,309,1,5,3,2015
313,311,1,3,4,2015
314,312,1,18,23,2015
315,313,1,2,2,2015
316,314,1,3,2,2015
317,315,-1,2,1,2015
318,316,-1,2,8,2015
319,317,1,3,5,2015
320,318,1,2,1,2015
321,319,1,5,9,2015
322,320,1,3,2,2015
323,321,1,3,4,2015
324,322,1,2,2,2015
325,323,28,2,1,2015
326,324,1,7,8,2015
327,325,25,2,6,2015
328,326,25,2,5,2015
329,327,1,2,1,2015
330,328,1,2,0,2015
331,329,1,2,1,2015
332,330,1,4,5,2015
333,331,18,14,16,2015
334,332,1,3,0,2015
335,333,43,3,4,2015
336,334,1,4,5,2015
337,335,1,3,2,2015
338,336,1,2,3,2015
339,337,1,3,3,2015
340,338,1,2,2,2015
341,339,1,4,4,2015
342,340,25,2,2,2015
343,341,1,10,5,2015
344,342,1,2,0,2015
345,343,-1,2,2,2015
346,344,-1,2,0,2015
347,345,1,3,5,2015
348,346,13,3,6,2015
349,347,1,2,1,2015
350,348,1,9,8,2015
351,349,1,2,1,2015
352,350,32,3,11,2015
353,351,1,7,4,2015
354,352,27,6,6,2015
355,353,1,6,6,2015
356,354,42,2,1,2015
357,355,1,9,5,2015
358,356,1,4,4,2015
359,357,40,2,5,2015
360,359,1,6,8,2015
361,360,1,2,0,2015
362,361,1,4,3,2015
363,362,1,5,3,2015
364,363,1,9,4,2015
365,364,-1,4,3,2015
366,365,1,2,1,2015
367,366,1,3,3,2015
368,367,-1,2,1,2015
369,368,1,5,4,2015
370,369,1,7,7,2015
371,370,-1,2,1,2015
372,371,1,4,9,2015
373,372,1,3,3,2015
374,373,1,2,1,2015
375,374,1,17,13,2015
376,375,-1,2,9,2015
377,376,1,2,3,2015
378,377,1,2,2,2015
379,378,1,2,1,2015
380,379,1,7,24,2015
381,380,32,3,5,2015
382,381,1,6,5,2015
383,382,1,3,2,2015
384,387,1,19,19,2015
385,383,1,2,0,2015
386,384,1,2,0,2015
387,385,1,2,3,2015
388,386,1,3,10,2015
389,388,1,2,0,2015
390,390,1,28,29,2015
391,391,41,2,9,2015
392,392,1,2,4,2015
393,393,1,2,9,2015
394,394,1,5,10,2015
395,395,18,2,2,2015
396,396,1,2,4,2015
397,397,13,8,15,2015
398,398,-1,2,4,2015
399,399,1,4,3,2015
400,400,1,2,0,2015
401,401,1,2,1,2015
402,402,1,2,1,2015
403,403,34,2,4,2015
404,404,1,4,11,2015
405,405,-1,5,15,2015
406,406,-1,2,2,2015
407,407,-1,2,0,2015
408,408,1,3,1,2015
409,409,1,2,1,2015
410,410,1,2,2,2015
411,411,1,3,7,2015
412,412,1,5,21,2015
413,413,1,3,7,2015
414,414,42,3,9,2015
415,415,-1,2,1,2015
416,416,1,4,13,2015
417,417,1,19,11,2015
418,418,39,3,5,2015
419,419,25,2,2,2015
420,420,-1,3,3,2015
421,421,1,2,3,2015
422,422,1,2,1,2015
423,423,1,4,3,2015
424,424,1,8,10,2015
425,425,18,2,5,2015
426,426,-1,7,11,2015
427,427,1,4,11,2015
428,428,1,3,1,2015
429,429,1,2,5,2015
430,430,1,2,1,2015
431,431,1,5,7,2015
432,432,1,2,5,2015
433,433,1,2,1,2015
434,434,-1,2,2,2015
435,435,17,2,4,2015
436,436,1,7,16,2015
437,437,1,5,6,2015
438,438,1,5,4,2015
439,439,1,9,18,2015
440,440,1,2,3,2015
441,441,1,7,17,2015
442,442,-1,2,4,2015
443,443,1,4,6,2015
444,444,1,2,3,2015
445,445,16,2,10,2015
446,446,1,2,3,2015
447,447,1,4,7,2015
448,448,1,3,8,2015
449,449,1,2,2,2015
450,450,1,4,13,2015
451,451,1,2,1,2015
452,452,-1,2,5,2015
453,453,-1,2,2,2015
454,454,43,5,14,2015
455,455,1,2,5,2015
456,456,1,2,6,2015
457,457,1,4,4,2015
458,458,1,5,2,2015
459,459,1,2,4,2015
460,460,1,2,3,2015
461,461,-1,2,4,2015
462,462,1,2,1,2015
463,463,19,2,1,2015
464,464,-1,2,2,2015
465,465,1,4,5,2015
466,466,1,5,7,2015
467,467,1,4,13,2015
468,468,-1,2,9,2015
469,469,1,2,3,2015
470,470,1,6,9,2015
471,471,1,4,2,2015
472,472,1,2,5,2015
473,473,1,3,7,2015
474,474,1,6,5,2015
475,475,-1,2,4,2015
476,476,18,3,5,2015
477,477,18,3,1,2015
478,478,1,2,2,2015
479,479,-1,3,9,2015
480,480,1,2,6,2015
481,481,16,5,14,2015
482,482,1,2,11,2015
483,483,1,2,9,2015
0,0,-1,14,12,2007
1,1,-1,4,15,2007
2,2,0,3,6,2007
3,3,0,13,20,2007
4,4,1,4,6,2007
5,5,1,5,17,2007
6,6,-1,2,0,2007
0,0,-1,4,11,2012
1,1,0,20,9,2012
2,2,-1,2,7,2012
3,3,0,5,8,2012
4,4,-1,4,10,2012
5,5,-1,7,5,2012
6,6,1,5,8,2012
7,7,1,2,0,2012
8,8,-1,5,13,2012
9,9,2,6,3,2012
10,10,1,2,1,2012
11,11,-1,18,10,2012
12,12,-1,8,20,2012
13,13,3,2,8,2012
14,14,-1,3,4,2012
15,15,4,5,11,2012
16,16,1,3,6,2012
17,17,2,5,7,2012
18,18,5,2,2,2012
19,19,-1,2,1,2012
20,20,-1,3,1,2012
21,21,3,14,15,2012
22,22,1,6,12,2012
23,23,-1,2,2,2012
24,24,-1,2,3,2012
25,25,5,4,8,2012
26,26,-1,2,3,2012
27,27,4,3,4,2012
28,28,-1,2,0,2012
29,29,1,3,3,2012
30,30,4,9,10,2012
31,31,1,2,0,2012
32,32,-1,3,2,2012
33,33,1,2,4,2012
34,34,-1,2,6,2012
35,35,-1,4,3,2012
36,36,-1,3,5,2012
0,0,-1,3,0,2004
0,0,-1,3,2,2013
1,1,0,3,9,2013
2,2,0,2,3,2013
0,0,-1,2,4,2003
1,1,-1,2,0,2003
0,0,-1,18,14,2008
1,1,-1,2,0,2008
2,2,-1,7,2,2008
3,3,0,4,8,2008
4,4,-1,6,4,2008
5,5,-1,2,0,2008
6,6,1,2,5,2008
7,7,0,4,4,2008
8,8,-1,2,1,2008
9,9,1,3,1,2008
10,10,2,4,3,2008
11,11,-1,3,2,2008
12,12,2,23,14,2008
13,13,3,31,14,2008
14,14,4,7,7,2008
15,15,5,3,4,2008
16,16,-1,2,8,2008
17,17,-1,2,2,2008
18,18,3,8,9,2008
19,19,4,3,2,2008
20,20,-1,2,5,2008
21,21,-1,3,10,2008
22,22,5,3,10,2008
23,23,-1,2,11,2008
24,24,-1,9,12,2008
25,25,-1,2,11,2008
26,26,-1,3,9,2008
27,27,-1,3,4,2008
28,28,3,2,2,2008
29,29,-1,3,9,2008
30,30,-1,2,1,2008
0,0,-1,7,6,2005
1,1,0,4,9,2005
2,2,-1,2,2,2005
3,3,-1,4,8,2005
4,4,-1,2,1,2005
5,5,0,4,5,2005
0,0,-1,39,16,2010
1,1,9,4,10,2010
2,2,3,8,15,2010
3,3,0,2,0,2010
4,4,-1,3,3,2010
5,5,-1,2,0,2010
6,6,-1,7,6,2010
7,7,1,5,11,2010
8,8,-1,5,10,2010
9,9,2,15,21,2010
10,10,-1,2,3,2010
11,11,9,3,9,2010
12,12,3,10,11,2010
13,13,4,5,9,2010
14,14,5,2,0,2010
15,15,6,7,7,2010
16,16,-1,2,1,2010
17,17,7,4,8,2010
18,18,8,3,5,2010
19,19,-1,2,3,2010
20,20,9,35,18,2010
21,21,12,5,9,2010
22,22,-1,2,1,2010
23,23,0,3,2,2010
24,24,1,2,3,2010
25,27,3,7,7,2010
26,25,2,6,12,2010
27,26,6,8,6,2010
28,28,4,3,5,2010
29,29,1,2,1,2010
30,30,5,3,5,2010
31,31,9,6,4,2010
32,32,-1,4,7,2010
33,33,10,3,4,2010
34,34,7,2,5,2010
35,35,11,3,8,2010
36,36,19,5,5,2010
37,37,12,2,3,2010
38,38,13,6,8,2010
39,39,-1,3,3,2010
40,40,6,2,4,2010
41,41,25,8,13,2010
42,42,-1,3,3,2010
43,43,-1,2,5,2010
44,44,0,4,8,2010
45,45,8,6,10,2010
46,46,3,2,3,2010
47,47,-1,2,1,2010
48,48,-1,2,0,2010
49,49,4,2,0,2010
50,50,14,3,4,2010
51,51,2,2,3,2010
52,52,-1,2,1,2010
53,53,15,3,3,2010
54,54,16,5,7,2010
55,55,1,4,7,2010
56,56,17,4,8,2010
57,57,18,7,10,2010
58,58,-1,2,7,2010
59,59,-1,2,1,2010
60,60,19,3,3,2010
61,61,10,2,7,2010
62,62,13,5,7,2010
63,63,12,2,3,2010
64,64,-1,2,1,2010
65,65,-1,9,20,2010
66,66,12,4,9,2010
67,67,20,2,1,2010
68,68,21,3,8,2010
69,69,-1,2,6,2010
70,70,-1,4,9,2010
71,71,11,2,4,2010
72,72,-1,2,1,2010
73,73,14,2,3,2010
74,74,11,3,5,2010
75,75,-1,2,3,2010
76,76,8,2,3,2010
77,77,16,2,2,2010
78,78,22,5,11,2010
79,79,19,6,11,2010
80,80,23,2,6,2010
81,81,18,2,6,2010
82,82,0,2,6,2010
83,83,15,2,0,2010
84,84,-1,2,3,2010
85,85,24,2,6,2010
86,86,25,4,6,2010
87,87,18,2,1,2010
88,88,-1,5,5,2010
89,89,20,2,3,2010
90,90,26,5,5,2010
91,91,27,4,6,2010
92,92,17,3,3,2010
93,93,21,5,15,2010
94,94,13,2,4,2010
95,95,18,8,19,2010
96,96,11,4,12,2010
97,97,8,2,8,2010
98,98,-1,3,2,2010
99,99,11,2,7,2010
100,100,22,3,6,2010
101,101,-1,2,5,2010
102,102,-1,2,6,2010
103,103,15,2,11,2010
104,104,24,3,11,2010
105,105,26,5,8,2010
106,106,26,4,11,2010
107,107,-1,2,1,2010
108,108,23,5,7,2010
109,109,13,2,1,2010
110,110,-1,5,9,2010
111,111,25,3,6,2010
112,112,20,2,3,2010
113,113,19,2,0,2010
114,114,18,2,8,2010
115,115,22,2,2,2010
116,116,8,2,0,2010
117,117,20,2,1,2010
118,118,-1,3,3,2010
119,119,-1,3,7,2010
120,120,0,4,6,2010
121,121,27,3,8,2010
122,122,18,2,4,2010
123,123,25,2,0,2010
124,124,26,2,2,2010
125,125,-1,2,1,2010
126,126,18,2,2,2010
127,127,-1,3,5,2010
128,128,-1,2,7,2010
0,0,-1,2,1,2014
1,1,0,21,16,2014
2,2,2,7,7,2014
3,3,1,20,21,2014
4,4,2,18,22,2014
5,5,0,4,7,2014
6,6,3,52,38,2014
7,7,6,2,1,2014
8,8,-1,6,8,2014
9,9,-1,2,1,2014
10,10,35,335,140,2014
11,13,3,9579,166,2014
12,11,3,2,4,2014
13,12,1,15,34,2014
14,14,4,16,11,2014
15,15,5,3,10,2014
16,16,2,14,30,2014
17,17,-1,3,8,2014
18,18,6,4,10,2014
19,19,7,7,10,2014
20,20,8,2,8,2014
21,21,-1,5,6,2014
22,22,9,3,15,2014
23,23,2,5,17,2014
24,24,4,46,26,2014
25,25,13,7,8,2014
26,26,3,6,11,2014
27,27,-1,2,0,2014
28,28,-1,2,2,2014
29,29,-1,2,2,2014
30,30,-1,2,10,2014
31,31,3,19,16,2014
32,32,7,11,11,2014
33,33,-1,2,4,2014
34,34,10,2,4,2014
35,35,8,6,5,2014
36,36,-1,5,7,2014
37,37,16,3,13,2014
38,38,11,3,7,2014
39,39,17,2,0,2014
40,40,-1,3,4,2014
41,41,35,94,63,2014
42,42,-1,2,5,2014
43,43,12,3,6,2014
44,44,13,8,8,2014
45,45,6,2,9,2014
46,46,-1,2,4,2014
47,47,3,2,10,2014
48,48,14,2,6,2014
49,49,-1,3,5,2014
50,50,13,3,7,2014
51,51,10,3,11,2014
52,52,5,2,0,2014
53,53,15,2,10,2014
54,54,-1,2,6,2014
55,55,17,6,9,2014
56,56,9,3,5,2014
57,57,7,4,11,2014
58,58,-1,2,7,2014
59,59,12,4,11,2014
60,60,11,5,15,2014
61,61,16,3,5,2014
62,62,10,5,17,2014
63,63,13,294,105,2014
64,64,-1,3,5,2014
65,65,-1,2,6,2014
66,66,-1,2,5,2014
67,67,3,2,0,2014
68,68,-1,6,8,2014
69,69,14,4,20,2014
70,70,-1,6,9,2014
71,71,3,2,1,2014
72,72,-1,2,1,2014
73,73,3,2,0,2014
74,74,13,6,10,2014
75,75,17,13,11,2014
76,76,18,6,5,2014
77,77,-1,2,0,2014
78,78,16,7,16,2014
79,79,3,2,0,2014
80,80,13,3,5,2014
81,81,19,6,10,2014
82,82,20,2,1,2014
83,83,21,4,2,2014
84,84,-1,3,5,2014
85,85,15,3,4,2014
86,86,-1,3,3,2014
87,87,-1,4,8,2014
88,88,-1,3,3,2014
89,89,-1,3,3,2014
90,90,11,3,1,2014
91,91,22,69,33,2014
92,92,10,2,9,2014
93,93,23,2,4,2014
94,94,35,2,8,2014
95,95,-1,2,3,2014
96,96,24,50,54,2014
97,97,-1,5,10,2014
98,98,14,2,1,2014
99,99,-1,3,4,2014
100,100,10,2,9,2014
101,101,-1,2,5,2014
102,102,17,20,35,2014
103,103,18,3,10,2014
104,104,25,4,8,2014
105,105,-1,2,7,2014
106,106,-1,2,1,2014
107,107,-1,2,9,2014
108,108,19,3,6,2014
109,109,-1,2,3,2014
110,110,-1,6,14,2014
111,111,-1,5,15,2014
112,112,20,8,9,2014
113,113,-1,2,1,2014
114,114,21,8,27,2014
115,120,26,142,65,2014
116,115,13,3,9,2014
117,116,-1,2,4,2014
118,117,27,109,72,2014
119,118,28,4,10,2014
120,119,33,4,5,2014
121,121,29,2,6,2014
122,122,-1,10,27,2014
123,123,3,2,0,2014
124,124,-1,2,5,2014
125,125,3,2,0,2014
126,126,-1,15,31,2014
127,127,3,3,2,2014
128,128,23,2,0,2014
129,129,3,2,0,2014
130,130,48,2,11,2014
131,131,30,6,6,2014
132,132,31,2,2,2014
133,133,-1,4,9,2014
134,134,32,2,3,2014
135,135,10,9,11,2014
136,136,25,23,42,2014
137,137,33,3,6,2014
138,138,3,3,2,2014
139,139,40,2,0,2014
140,140,3,2,2,2014
141,141,-1,2,3,2014
142,142,35,2,6,2014
143,143,13,2,0,2014
144,144,-1,4,9,2014
145,145,42,4,6,2014
146,146,40,3,5,2014
147,147,35,4,7,2014
148,148,34,7,15,2014
149,154,33,29,41,2014
150,149,-1,2,0,2014
151,150,-1,4,8,2014
152,151,35,3,2,2014
153,152,36,56,45,2014
154,153,-1,2,3,2014
155,155,13,3,3,2014
156,156,3,5,2,2014
157,157,13,6,2,2014
158,158,3,2,0,2014
159,159,48,9,22,2014
160,160,13,3,1,2014
161,161,37,3,9,2014
162,162,30,92,52,2014
163,177,35,24,33,2014
164,163,44,2,0,2014
165,164,-1,2,3,2014
166,165,38,2,8,2014
167,166,29,4,12,2014
168,167,39,2,6,2014
169,168,-1,2,1,2014
170,169,40,56,52,2014
171,170,13,7,14,2014
172,171,3,4,2,2014
173,172,-1,3,1,2014
174,173,3,13,21,2014
175,174,22,11,3,2014
176,175,3,2,0,2014
177,176,34,6,14,2014
178,178,3,5,1,2014
179,179,41,6,17,2014
180,180,42,2,5,2014
181,181,43,2,9,2014
182,182,3,2,0,2014
183,183,32,2,4,2014
184,184,40,8,32,2014
185,185,28,3,5,2014
186,195,22,41,46,2014
187,186,3,4,3,2014
188,187,35,7,11,2014
189,188,35,5,4,2014
190,189,35,8,18,2014
191,190,31,2,4,2014
192,191,3,4,2,2014
193,192,-1,2,10,2014
194,193,3,8,6,2014
195,194,3,2,1,2014
196,196,54,7,21,2014
197,197,44,2,7,2014
198,198,13,2,10,2014
199,199,45,5,15,2014
200,200,3,4,2,2014
201,201,3,2,0,2014
202,202,3,2,2,2014
203,203,-1,2,1,2014
204,204,-1,2,6,2014
205,205,-1,2,6,2014
206,206,-1,3,10,2014
207,207,3,2,0,2014
208,208,3,7,9,2014
209,209,3,3,1,2014
210,210,3,6,3,2014
211,211,3,2,1,2014
212,212,3,3,3,2014
213,213,42,2,1,2014
214,214,13,2,0,2014
215,215,13,2,3,2014
216,216,39,3,6,2014
217,217,3,4,3,2014
218,224,3,17,11,2014
219,218,3,2,4,2014
220,219,3,3,2,2014
221,220,3,10,9,2014
222,221,3,3,2,2014
223,222,3,2,2,2014
224,223,3,4,4,2014
225,225,43,5,16,2014
226,226,3,2,1,2014
227,227,46,3,1,2014
228,228,3,4,2,2014
229,229,3,2,3,2014
230,230,32,3,3,2014
231,231,13,4,1,2014
232,232,21,2,9,2014
233,233,3,2,0,2014
234,234,-1,2,2,2014
235,235,3,2,0,2014
236,236,3,2,6,2014
237,237,34,29,23,2014
238,238,3,4,5,2014
239,239,3,2,0,2014
240,240,-1,2,7,2014
241,241,3,4,3,2014
242,242,38,3,10,2014
243,243,47,7,14,2014
244,244,3,5,7,2014
245,245,-1,3,3,2014
246,246,-1,2,2,2014
247,247,13,2,6,2014
248,248,3,3,1,2014
249,249,3,2,1,2014
250,250,3,3,3,2014
251,251,3,4,5,2014
252,252,3,2,0,2014
253,253,-1,2,0,2014
254,254,48,6,5,2014
255,255,3,14,13,2014
256,256,3,2,3,2014
257,257,-1,5,16,2014
258,258,22,3,7,2014
259,259,-1,3,5,2014
260,260,3,3,3,2014
261,261,3,2,2,2014
262,262,3,2,7,2014
263,263,3,2,3,2014
264,264,-1,2,11,2014
265,265,3,25,16,2014
266,266,-1,2,3,2014
267,267,3,4,8,2014
268,268,3,3,3,2014
269,269,-1,2,7,2014
270,270,3,2,1,2014
271,271,44,5,13,2014
272,272,3,3,2,2014
273,273,3,4,7,2014
274,274,3,16,17,2014
275,275,-1,2,4,2014
276,276,49,3,10,2014
277,277,3,2,0,2014
278,278,3,7,18,2014
279,279,-1,3,1,2014
280,280,-1,3,6,2014
281,281,3,2,0,2014
282,282,-1,2,1,2014
283,283,37,2,5,2014
284,284,3,4,5,2014
285,285,50,3,7,2014
286,286,42,3,5,2014
287,287,41,4,10,2014
288,288,51,2,0,2014
289,289,24,3,6,2014
290,290,3,2,1,2014
291,291,52,3,8,2014
292,292,32,2,0,2014
293,293,53,4,8,2014
294,294,3,2,0,2014
295,295,-1,2,1,2014
296,296,25,9,17,2014
297,297,-1,6,5,2014
298,298,3,3,2,2014
299,299,3,2,4,2014
300,300,3,2,7,2014
301,301,3,4,3,2014
302,302,40,2,4,2014
303,303,-1,2,0,2014
304,304,3,2,2,2014
305,305,-1,3,1,2014
306,306,34,2,5,2014
307,309,3,7,12,2014
308,307,3,2,0,2014
309,308,-1,2,3,2014
310,310,3,3,2,2014
311,311,24,2,6,2014
312,312,3,2,3,2014
313,313,3,2,4,2014
314,314,21,2,3,2014
315,315,-1,2,1,2014
316,316,-1,2,3,2014
317,317,3,7,7,2014
318,318,3,2,5,2014
319,319,3,3,3,2014
320,320,3,6,6,2014
321,321,34,2,5,2014
322,322,3,2,1,2014
323,323,-1,2,5,2014
324,324,3,2,0,2014
325,325,3,2,1,2014
326,326,36,5,8,2014
327,327,3,3,3,2014
328,328,35,4,5,2014
329,329,3,2,2,2014
330,330,3,9,21,2014
331,331,3,2,0,2014
332,332,3,2,4,2014
333,333,3,5,6,2014
334,334,-1,2,0,2014
335,335,-1,3,8,2014
336,351,3,16,9,2014
337,336,-1,2,2,2014
338,337,3,13,6,2014
339,338,-1,2,1,2014
340,339,3,2,1,2014
341,344,48,16,17,2014
342,340,-1,2,6,2014
343,341,-1,8,10,2014
344,342,-1,3,2,2014
345,343,3,3,5,2014
346,345,3,5,4,2014
347,346,-1,2,3,2014
348,347,3,3,3,2014
349,348,35,2,4,2014
350,349,45,2,5,2014
351,350,-1,3,2,2014
352,352,3,5,6,2014
353,353,3,2,4,2014
354,354,33,2,0,2014
355,355,3,2,3,2014
356,356,3,3,2,2014
357,357,42,4,6,2014
358,358,3,5,7,2014
359,359,3,5,12,2014
360,360,3,6,7,2014
361,361,3,3,7,2014
362,362,-1,3,4,2014
363,363,49,3,4,2014
364,364,46,2,3,2014
365,365,-1,3,5,2014
366,366,-1,4,1,2014
367,367,3,2,1,2014
368,368,3,4,7,2014
369,369,3,4,8,2014
370,370,3,4,4,2014
371,371,3,5,5,2014
372,372,3,2,1,2014
373,373,50,3,14,2014
374,374,3,4,6,2014
375,375,27,3,4,2014
376,376,52,4,11,2014
377,377,3,2,10,2014
378,378,3,3,2,2014
379,379,3,2,1,2014
380,380,54,3,10,2014
381,381,3,2,2,2014
382,382,3,2,4,2014
383,383,3,3,7,2014
384,384,3,2,0,2014
385,385,3,4,5,2014
386,386,3,2,3,2014
387,387,3,3,4,2014
388,388,26,7,12,2014
389,389,-1,2,3,2014
390,390,3,2,2,2014
391,391,40,3,5,2014
392,392,3,2,3,2014
393,393,3,2,6,2014
394,394,3,2,1,2014
395,395,47,2,3,2014
396,396,3,2,1,2014
397,397,3,2,0,2014
398,398,3,2,0,2014
399,399,3,5,6,2014
400,400,51,5,4,2014
401,401,3,4,4,2014
402,402,3,3,0,2014
403,403,3,2,4,2014
404,404,-1,4,3,2014
405,405,3,2,4,2014
406,406,3,5,3,2014
407,407,3,2,6,2014
408,408,-1,2,2,2014
409,409,35,2,1,2014
410,410,3,2,4,2014
411,411,3,2,5,2014
412,412,3,2,2,2014
413,413,55,2,4,2014
414,414,3,5,18,2014
415,415,22,2,1,2014
416,416,53,2,7,2014
417,417,3,2,3,2014
418,418,-1,2,6,2014
419,419,3,3,8,2014
420,420,-1,3,9,2014
421,421,3,3,5,2014
422,422,3,2,2,2014
423,423,3,3,6,2014
424,424,40,2,2,2014
425,425,3,3,5,2014
426,426,3,3,6,2014
427,427,3,2,3,2014
428,428,54,2,0,2014
429,429,-1,2,7,2014
430,430,-1,2,1,2014
431,431,3,2,10,2014
432,432,55,3,5,2014
0,0,0,4,10,2002
1,1,0,788,113,2002
2,2,1,471,121,2002
3,3,0,17,15,2002
4,4,0,3,6,2002
5,5,-1,4,5,2002
6,6,5,4,5,2002
7,7,2,3,6,2002
8,8,-1,2,0,2002
9,9,0,3,3,2002
10,10,3,2,6,2002
11,11,0,2,10,2002
12,12,0,131,101,2002
13,13,4,119,125,2002
14,14,-1,9,32,2002
15,15,0,293,124,2002
16,16,5,12,12,2002
17,17,0,3,3,2002
18,18,-1,2,6,2002
19,21,0,21,12,2002
20,19,6,2,4,2002
21,20,0,6,12,2002
22,22,2,2,2,2002
23,23,0,2,0,2002
24,24,3,9,27,2002
25,25,0,86,82,2002
26,26,-1,2,1,2002
27,27,-1,2,0,2002
28,28,-1,3,4,2002
29,29,7,8,23,2002
30,30,8,9,23,2002
31,31,9,121,102,2002
32,32,-1,2,10,2002
33,33,0,3,6,2002
34,34,-1,2,4,2002
35,35,5,5,5,2002
36,36,1,6,11,2002
37,37,-1,2,3,2002
38,38,-1,2,3,2002
39,39,10,10,24,2002
40,40,-1,2,2,2002
41,41,23,2,3,2002
42,42,11,3,11,2002
43,43,12,2,6,2002
44,44,6,3,9,2002
45,45,23,2,4,2002
46,46,-1,3,4,2002
47,47,13,3,4,2002
48,48,-1,2,9,2002
49,49,22,9,12,2002
50,50,0,4,3,2002
51,51,-1,3,5,2002
52,52,-1,2,8,2002
53,53,23,2,9,2002
54,54,14,4,9,2002
55,55,21,7,16,2002
56,56,-1,2,4,2002
57,57,0,2,0,2002
58,58,23,2,3,2002
59,59,0,2,0,2002
60,61,15,41,51,2002
61,60,0,2,1,2002
62,62,11,3,0,2002
63,63,0,4,4,2002
64,64,10,4,18,2002
65,65,0,3,13,2002
66,66,12,3,12,2002
67,67,-1,2,2,2002
68,68,16,3,7,2002
69,69,0,4,3,2002
70,70,4,2,8,2002
71,71,8,5,7,2002
72,72,9,2,4,2002
73,73,17,5,9,2002
74,74,-1,3,9,2002
75,75,-1,2,1,2002
76,76,13,3,11,2002
77,77,-1,2,3,2002
78,78,23,4,1,2002
79,79,0,6,6,2002
80,80,0,14,17,2002
81,81,-1,4,2,2002
82,82,23,53,51,2002
83,83,23,2,3,2002
84,84,22,4,9,2002
85,85,-1,2,2,2002
86,86,0,2,2,2002
87,87,23,2,7,2002
88,88,18,3,4,2002
89,89,0,3,1,2002
90,90,14,7,12,2002
91,91,0,3,5,2002
92,92,0,6,4,2002
93,93,-1,2,2,2002
94,94,-1,2,5,2002
95,95,-1,2,4,2002
96,96,7,3,1,2002
97,97,17,2,6,2002
98,98,-1,2,8,2002
99,99,22,2,7,2002
100,100,19,3,15,2002
101,101,16,4,10,2002
102,102,15,9,19,2002
103,103,-1,4,4,2002
104,104,20,5,6,2002
105,105,0,4,5,2002
106,106,31,2,7,2002
107,107,-1,2,3,2002
108,108,0,2,9,2002
109,109,0,6,13,2002
110,110,-1,3,6,2002
111,111,1,48,51,2002
112,112,23,4,11,2002
113,113,21,6,13,2002
114,114,22,7,18,2002
115,115,23,5,14,2002
116,116,0,4,7,2002
117,117,32,2,2,2002
118,118,8,3,2,2002
119,119,0,2,1,2002
120,120,24,6,17,2002
121,121,0,13,17,2002
122,122,0,3,1,2002
123,123,0,2,1,2002
124,124,0,9,10,2002
125,125,25,5,10,2002
126,126,0,2,7,2002
127,127,18,4,9,2002
128,141,0,14,19,2002
129,128,31,3,8,2002
130,129,0,5,2,2002
131,130,23,3,6,2002
132,131,-1,2,3,2002
133,132,0,3,1,2002
134,133,0,2,2,2002
135,134,26,3,6,2002
136,135,27,5,2,2002
137,136,28,2,2,2002
138,137,20,3,8,2002
139,138,0,3,3,2002
140,139,-1,3,8,2002
141,140,1,5,9,2002
142,146,14,8,16,2002
143,142,29,2,1,2002
144,143,-1,5,14,2002
145,144,23,2,5,2002
146,145,19,3,11,2002
147,147,0,2,0,2002
148,148,-1,2,1,2002
149,149,30,6,10,2002
150,150,-1,2,11,2002
151,151,0,4,8,2002
152,152,0,6,7,2002
153,153,31,3,1,2002
154,154,0,48,38,2002
155,155,27,9,12,2002
156,156,26,6,5,2002
157,157,23,41,27,2002
158,158,32,3,10,2002
159,159,1,3,7,2002
160,160,1,26,20,2002
161,179,0,21,36,2002
162,161,15,2,1,2002
163,162,0,10,13,2002
164,173,14,57,68,2002
165,163,28,7,9,2002
166,164,0,13,9,2002
167,165,0,3,11,2002
168,166,23,2,2,2002
169,167,-1,2,1,2002
170,168,33,6,14,2002
171,169,23,4,9,2002
172,170,-1,2,1,2002
173,171,0,6,9,2002
174,172,25,3,8,2002
175,174,-1,3,5,2002
176,175,36,7,10,2002
177,176,0,4,8,2002
178,177,35,34,37,2002
179,178,0,2,2,2002
180,180,0,2,3,2002
181,181,22,2,2,2002
182,182,-1,2,8,2002
183,183,23,3,4,2002
184,184,29,8,7,2002
185,185,30,2,4,2002
186,186,0,25,28,2002
187,187,15,2,3,2002
188,188,21,5,4,2002
189,189,0,2,4,2002
190,190,23,2,1,2002
191,191,-1,2,2,2002
192,192,23,3,3,2002
193,193,-1,2,2,2002
194,194,24,2,2,2002
195,195,1,2,2,2002
196,197,23,9,7,2002
197,196,31,3,8,2002
198,198,4,5,14,2002
199,199,1,8,16,2002
200,200,15,10,27,2002
201,201,23,2,5,2002
202,202,0,2,2,2002
203,203,0,4,11,2002
204,204,30,13,26,2002
205,205,33,3,11,2002
206,206,4,3,8,2002
207,207,34,3,8,2002
208,208,15,2,7,2002
209,209,32,2,6,2002
210,210,0,6,13,2002
211,211,35,3,12,2002
212,212,1,3,11,2002
213,213,1,3,2,2002
214,214,0,19,25,2002
215,215,36,2,7,2002
216,216,25,3,5,2002
217,217,0,17,26,2002
218,218,23,2,2,2002
219,219,23,3,9,2002
220,220,23,2,8,2002
221,221,0,6,7,2002
222,222,37,2,7,2002
223,223,23,2,1,2002
224,224,0,3,4,2002
225,225,0,9,10,2002
226,226,25,2,4,2002
227,227,0,3,12,2002
228,228,0,5,7,2002
229,229,22,3,2,2002
230,230,0,4,4,2002
231,231,9,2,4,2002
232,232,23,9,5,2002
233,233,0,6,13,2002
234,234,1,2,8,2002
235,235,-1,2,4,2002
236,236,-1,5,7,2002
237,237,0,6,10,2002
238,238,38,7,11,2002
239,239,23,2,6,2002
240,240,4,2,2,2002
241,241,34,5,5,2002
242,242,-1,2,5,2002
243,243,0,2,4,2002
244,244,36,3,14,2002
245,245,-1,2,3,2002
246,246,4,3,2,2002
247,247,35,5,13,2002
248,248,-1,2,1,2002
249,249,37,3,5,2002
250,250,0,4,9,2002
251,251,23,2,3,2002
252,252,0,4,11,2002
253,253,0,3,9,2002
254,254,1,2,2,2002
255,255,22,6,11,2002
256,256,0,2,5,2002
257,257,4,5,8,2002
258,258,0,2,5,2002
259,259,35,4,8,2002
260,260,9,3,7,2002
261,261,0,3,9,2002
262,262,25,2,3,2002
263,263,0,5,4,2002
264,264,4,2,2,2002
265,265,-1,4,7,2002
266,266,0,3,7,2002
267,267,38,4,3,2002
268,268,-1,2,0,2002
269,269,14,2,2,2002
270,270,-1,2,2,2002
271,271,22,2,2,2002
272,272,-1,2,8,2002
273,273,22,2,4,2002
274,274,-1,2,3,2002
275,275,-1,2,0,2002
0,0,0,3,5,1998
1,1,0,3,2,1998
2,2,0,25,27,1998
3,3,-1,10,9,1998
4,4,-1,3,5,1998
